-- Adminer 4.1.0 MySQL dump

SET NAMES utf8;
SET time_zone = '+00:00';
SET foreign_key_checks = 0;
SET sql_mode = 'NO_AUTO_VALUE_ON_ZERO';

CREATE DATABASE `opencitydb` /*!40100 DEFAULT CHARACTER SET utf8 */;
USE `opencitydb`;

DROP TABLE IF EXISTS `accessibilities`;
CREATE TABLE `accessibilities` (
  `id` int(10) unsigned NOT NULL AUTO_INCREMENT,
  `place_id` int(10) unsigned DEFAULT NULL,
  `acces_title_id` int(10) unsigned DEFAULT NULL,
  `comment` varchar(255) COLLATE utf8_unicode_ci DEFAULT NULL,
  `created_at` timestamp NULL DEFAULT NULL,
  `updated_at` timestamp NULL DEFAULT NULL,
  PRIMARY KEY (`id`),
  KEY `accessibilities_place_id_foreign` (`place_id`),
  KEY `accessibilities_acces_title_id_foreign` (`acces_title_id`),
  CONSTRAINT `accessibilities_acces_title_id_foreign` FOREIGN KEY (`acces_title_id`) REFERENCES `accessibility_titles` (`id`) ON DELETE CASCADE ON UPDATE CASCADE,
  CONSTRAINT `accessibilities_place_id_foreign` FOREIGN KEY (`place_id`) REFERENCES `places` (`id`) ON DELETE CASCADE ON UPDATE CASCADE
) ENGINE=InnoDB DEFAULT CHARSET=utf8 COLLATE=utf8_unicode_ci;

INSERT INTO `accessibilities` (`id`, `place_id`, `acces_title_id`, `comment`, `created_at`, `updated_at`) VALUES
(42,	1,	1,	NULL,	'2017-02-03 08:16:15',	'2017-02-03 08:16:15'),
(43,	1,	2,	NULL,	'2017-02-03 08:16:15',	'2017-02-03 08:16:15'),
(44,	2,	1,	NULL,	'2017-02-03 08:16:42',	'2017-02-03 08:16:42'),
(45,	2,	2,	NULL,	'2017-02-03 08:16:42',	'2017-02-03 08:16:42'),
(46,	3,	2,	NULL,	'2017-02-03 08:17:20',	'2017-02-03 08:17:20'),
(47,	4,	2,	NULL,	'2017-02-03 08:17:33',	'2017-02-03 08:17:33'),
(48,	5,	1,	NULL,	'2017-02-03 08:18:00',	'2017-02-03 08:18:00'),
(49,	5,	2,	NULL,	'2017-02-03 08:18:00',	'2017-02-03 08:18:00'),
(50,	6,	2,	NULL,	'2017-02-03 08:18:31',	'2017-02-03 08:18:31'),
(51,	7,	2,	NULL,	'2017-02-03 08:18:44',	'2017-02-03 08:18:44'),
(52,	8,	2,	NULL,	'2017-02-03 08:18:56',	'2017-02-03 08:18:56'),
(54,	10,	2,	NULL,	'2017-02-03 08:19:44',	'2017-02-03 08:19:44'),
(55,	11,	1,	NULL,	'2017-02-03 08:23:31',	'2017-02-03 08:23:31'),
(56,	11,	2,	NULL,	'2017-02-03 08:23:31',	'2017-02-03 08:23:31'),
(57,	12,	2,	NULL,	'2017-02-03 08:24:00',	'2017-02-03 08:24:00'),
(58,	13,	2,	NULL,	'2017-02-03 08:26:00',	'2017-02-03 08:26:00'),
(59,	14,	2,	NULL,	'2017-02-03 08:26:16',	'2017-02-03 08:26:16'),
(60,	15,	1,	NULL,	'2017-02-03 08:26:35',	'2017-02-03 08:26:35'),
(61,	15,	2,	NULL,	'2017-02-03 08:26:35',	'2017-02-03 08:26:35'),
(62,	16,	2,	NULL,	'2017-02-03 08:26:55',	'2017-02-03 08:26:55'),
(63,	17,	2,	NULL,	'2017-02-03 08:27:10',	'2017-02-03 08:27:10'),
(64,	18,	2,	NULL,	'2017-02-03 08:27:24',	'2017-02-03 08:27:24'),
(65,	19,	1,	NULL,	'2017-02-03 08:27:39',	'2017-02-03 08:27:39'),
(66,	19,	2,	NULL,	'2017-02-03 08:27:39',	'2017-02-03 08:27:39'),
(67,	20,	2,	NULL,	'2017-02-03 08:27:56',	'2017-02-03 08:27:56'),
(68,	21,	2,	NULL,	'2017-02-03 08:28:11',	'2017-02-03 08:28:11'),
(69,	22,	2,	NULL,	'2017-02-03 08:28:30',	'2017-02-03 08:28:30'),
(70,	23,	2,	NULL,	'2017-02-03 08:28:45',	'2017-02-03 08:28:45'),
(71,	24,	2,	NULL,	'2017-02-03 08:29:03',	'2017-02-03 08:29:03'),
(72,	25,	1,	NULL,	'2017-02-03 08:29:17',	'2017-02-03 08:29:17'),
(73,	25,	2,	NULL,	'2017-02-03 08:29:17',	'2017-02-03 08:29:17'),
(74,	26,	2,	NULL,	'2017-02-03 08:29:39',	'2017-02-03 08:29:39'),
(75,	27,	2,	NULL,	'2017-02-03 08:29:54',	'2017-02-03 08:29:54'),
(76,	29,	2,	NULL,	'2017-02-03 08:30:15',	'2017-02-03 08:30:15'),
(77,	28,	2,	NULL,	'2017-02-03 08:30:33',	'2017-02-03 08:30:33'),
(78,	30,	2,	NULL,	'2017-02-03 08:30:51',	'2017-02-03 08:30:51'),
(79,	31,	2,	NULL,	'2017-02-03 08:31:08',	'2017-02-03 08:31:08'),
(80,	32,	1,	NULL,	'2017-02-03 08:31:30',	'2017-02-03 08:31:30'),
(81,	32,	2,	NULL,	'2017-02-03 08:31:30',	'2017-02-03 08:31:30'),
(82,	33,	1,	NULL,	'2017-02-03 08:31:46',	'2017-02-03 08:31:46'),
(83,	33,	2,	NULL,	'2017-02-03 08:31:46',	'2017-02-03 08:31:46'),
(84,	34,	2,	NULL,	'2017-02-03 08:32:09',	'2017-02-03 08:32:09'),
(85,	35,	2,	NULL,	'2017-02-03 09:17:06',	'2017-02-03 09:17:06'),
(86,	36,	2,	NULL,	'2017-02-03 09:18:29',	'2017-02-03 09:18:29'),
(87,	37,	2,	NULL,	'2017-02-03 09:18:48',	'2017-02-03 09:18:48'),
(88,	38,	2,	NULL,	'2017-02-03 09:19:13',	'2017-02-03 09:19:13'),
(89,	39,	2,	NULL,	'2017-02-03 09:22:40',	'2017-02-03 09:22:40'),
(90,	40,	2,	NULL,	'2017-02-03 09:22:56',	'2017-02-03 09:22:56'),
(91,	41,	2,	NULL,	'2017-02-03 09:23:13',	'2017-02-03 09:23:13'),
(92,	42,	2,	NULL,	'2017-02-03 09:24:43',	'2017-02-03 09:24:43'),
(93,	180,	2,	NULL,	'2017-03-20 09:01:24',	'2017-03-20 09:01:24'),
(94,	187,	1,	NULL,	'2017-03-20 09:01:25',	'2017-03-20 09:01:25'),
(95,	189,	2,	NULL,	'2017-03-20 09:01:25',	'2017-03-20 09:01:25'),
(96,	204,	1,	NULL,	'2017-03-20 09:01:27',	'2017-03-20 09:01:27'),
(97,	204,	2,	NULL,	'2017-03-20 09:01:27',	'2017-03-20 09:01:27'),
(98,	215,	2,	NULL,	'2017-03-20 09:01:28',	'2017-03-20 09:01:28'),
(99,	220,	2,	NULL,	'2017-03-20 09:01:28',	'2017-03-20 09:01:28'),
(100,	251,	1,	NULL,	'2017-03-20 09:01:31',	'2017-03-20 09:01:31'),
(101,	255,	1,	NULL,	'2017-03-20 09:01:32',	'2017-03-20 09:01:32'),
(102,	266,	1,	NULL,	'2017-03-20 09:01:32',	'2017-03-20 09:01:32'),
(103,	277,	1,	NULL,	'2017-03-20 09:01:33',	'2017-03-20 09:01:33'),
(104,	298,	2,	NULL,	'2017-08-24 19:27:10',	'2017-08-24 19:27:10'),
(106,	319,	1,	NULL,	'2017-08-25 04:22:42',	'2017-08-25 04:22:42'),
(108,	301,	2,	NULL,	'2017-08-26 13:31:18',	'2017-08-26 13:31:18'),
(109,	303,	1,	NULL,	'2017-08-29 06:10:21',	'2017-08-29 06:10:21'),
(110,	321,	1,	NULL,	'2017-08-29 06:19:37',	'2017-08-29 06:19:37'),
(111,	322,	1,	NULL,	'2017-08-30 11:07:43',	'2017-08-30 11:07:43'),
(116,	326,	1,	NULL,	'2017-09-04 12:14:32',	'2017-09-04 12:14:32'),
(117,	327,	1,	NULL,	'2017-09-04 12:19:50',	'2017-09-04 12:19:50'),
(118,	328,	1,	NULL,	'2017-09-04 12:33:19',	'2017-09-04 12:33:19'),
(119,	325,	1,	NULL,	'2017-09-04 12:34:56',	'2017-09-04 12:34:56'),
(120,	325,	2,	NULL,	'2017-09-04 12:34:56',	'2017-09-04 12:34:56'),
(121,	329,	1,	NULL,	'2017-09-04 19:25:08',	'2017-09-04 19:25:08'),
(122,	329,	2,	NULL,	'2017-09-04 19:25:08',	'2017-09-04 19:25:08'),
(133,	330,	2,	NULL,	'2017-09-07 13:16:46',	'2017-09-07 13:16:46'),
(134,	331,	2,	NULL,	'2017-09-07 13:17:22',	'2017-09-07 13:17:22'),
(137,	332,	2,	NULL,	'2017-09-07 13:18:58',	'2017-09-07 13:18:58'),
(138,	333,	2,	NULL,	'2017-09-07 13:20:43',	'2017-09-07 13:20:43'),
(140,	334,	2,	NULL,	'2017-09-07 14:22:31',	'2017-09-07 14:22:31'),
(143,	324,	1,	NULL,	'2017-09-08 16:04:03',	'2017-09-08 16:04:03'),
(144,	324,	2,	NULL,	'2017-09-08 16:04:03',	'2017-09-08 16:04:03'),
(145,	134,	1,	NULL,	'2017-09-12 09:28:18',	'2017-09-12 09:28:18'),
(146,	134,	2,	NULL,	'2017-09-12 09:28:18',	'2017-09-12 09:28:18'),
(147,	135,	1,	NULL,	'2017-09-12 09:29:15',	'2017-09-12 09:29:15'),
(148,	135,	2,	NULL,	'2017-09-12 09:29:15',	'2017-09-12 09:29:15'),
(149,	136,	1,	NULL,	'2017-09-12 09:29:37',	'2017-09-12 09:29:37'),
(150,	136,	2,	NULL,	'2017-09-12 09:29:38',	'2017-09-12 09:29:38'),
(151,	137,	1,	NULL,	'2017-09-12 09:29:57',	'2017-09-12 09:29:57'),
(154,	144,	1,	NULL,	'2017-09-13 06:16:03',	'2017-09-13 06:16:03'),
(155,	144,	2,	NULL,	'2017-09-13 06:16:03',	'2017-09-13 06:16:03'),
(156,	145,	1,	NULL,	'2017-09-13 06:16:30',	'2017-09-13 06:16:30'),
(157,	145,	2,	NULL,	'2017-09-13 06:16:30',	'2017-09-13 06:16:30'),
(158,	146,	1,	NULL,	'2017-09-13 06:16:54',	'2017-09-13 06:16:54'),
(159,	146,	2,	NULL,	'2017-09-13 06:16:54',	'2017-09-13 06:16:54'),
(160,	147,	1,	NULL,	'2017-09-13 06:17:11',	'2017-09-13 06:17:11'),
(161,	147,	2,	NULL,	'2017-09-13 06:17:11',	'2017-09-13 06:17:11'),
(162,	149,	1,	NULL,	'2017-09-13 06:17:41',	'2017-09-13 06:17:41'),
(163,	149,	2,	NULL,	'2017-09-13 06:17:42',	'2017-09-13 06:17:42'),
(164,	150,	1,	NULL,	'2017-09-13 06:18:03',	'2017-09-13 06:18:03'),
(165,	150,	2,	NULL,	'2017-09-13 06:18:03',	'2017-09-13 06:18:03'),
(166,	159,	1,	NULL,	'2017-09-13 06:18:55',	'2017-09-13 06:18:55'),
(167,	159,	2,	NULL,	'2017-09-13 06:18:55',	'2017-09-13 06:18:55'),
(168,	156,	1,	NULL,	'2017-09-13 06:20:23',	'2017-09-13 06:20:23'),
(169,	156,	2,	NULL,	'2017-09-13 06:20:23',	'2017-09-13 06:20:23'),
(170,	154,	1,	NULL,	'2017-09-14 06:01:14',	'2017-09-14 06:01:14'),
(171,	154,	2,	NULL,	'2017-09-14 06:01:14',	'2017-09-14 06:01:14'),
(172,	155,	1,	NULL,	'2017-09-14 06:01:37',	'2017-09-14 06:01:37'),
(173,	155,	2,	NULL,	'2017-09-14 06:01:37',	'2017-09-14 06:01:37'),
(174,	160,	1,	NULL,	'2017-09-14 06:04:07',	'2017-09-14 06:04:07'),
(175,	160,	2,	NULL,	'2017-09-14 06:04:07',	'2017-09-14 06:04:07'),
(176,	162,	1,	NULL,	'2017-09-15 05:59:33',	'2017-09-15 05:59:33'),
(177,	163,	1,	NULL,	'2017-09-15 06:01:47',	'2017-09-15 06:01:47'),
(178,	169,	2,	NULL,	'2017-09-15 06:07:47',	'2017-09-15 06:07:47'),
(179,	170,	1,	NULL,	'2017-09-15 06:12:31',	'2017-09-15 06:12:31'),
(180,	170,	2,	NULL,	'2017-09-15 06:12:31',	'2017-09-15 06:12:31'),
(181,	171,	1,	NULL,	'2017-09-15 06:16:35',	'2017-09-15 06:16:35'),
(182,	171,	2,	NULL,	'2017-09-15 06:16:35',	'2017-09-15 06:16:35'),
(183,	172,	1,	NULL,	'2017-09-18 06:04:24',	'2017-09-18 06:04:24'),
(184,	138,	1,	NULL,	'2017-09-18 06:07:33',	'2017-09-18 06:07:33'),
(185,	138,	2,	NULL,	'2017-09-18 06:07:33',	'2017-09-18 06:07:33'),
(186,	139,	1,	NULL,	'2017-09-18 06:08:50',	'2017-09-18 06:08:50'),
(187,	139,	2,	NULL,	'2017-09-18 06:08:50',	'2017-09-18 06:08:50'),
(188,	140,	1,	NULL,	'2017-09-18 06:09:06',	'2017-09-18 06:09:06'),
(189,	140,	2,	NULL,	'2017-09-18 06:09:06',	'2017-09-18 06:09:06'),
(190,	280,	1,	NULL,	'2017-09-22 06:05:25',	'2017-09-22 06:05:25'),
(191,	280,	2,	NULL,	'2017-09-22 06:05:25',	'2017-09-22 06:05:25'),
(192,	281,	1,	NULL,	'2017-09-24 07:54:12',	'2017-09-24 07:54:12'),
(193,	281,	2,	NULL,	'2017-09-24 07:54:12',	'2017-09-24 07:54:12'),
(195,	9,	2,	NULL,	'2017-09-27 17:39:12',	'2017-09-27 17:39:12');

DROP TABLE IF EXISTS `accessibility_titles`;
CREATE TABLE `accessibility_titles` (
  `id` int(10) unsigned NOT NULL AUTO_INCREMENT,
  `name` varchar(255) COLLATE utf8_unicode_ci DEFAULT NULL,
  `comment` varchar(255) COLLATE utf8_unicode_ci DEFAULT NULL,
  `created_at` timestamp NULL DEFAULT NULL,
  `updated_at` timestamp NULL DEFAULT NULL,
  PRIMARY KEY (`id`)
) ENGINE=InnoDB DEFAULT CHARSET=utf8 COLLATE=utf8_unicode_ci;

INSERT INTO `accessibility_titles` (`id`, `name`, `comment`, `created_at`, `updated_at`) VALUES
(1,	'є пандус',	'вхід обладнано пандусом',	'2016-12-26 05:29:59',	'2017-02-01 10:25:29'),
(2,	'є кнопка виклику працівника',	'є в наявності кнопка виклику працівника',	'2016-12-26 08:42:09',	'2016-12-27 07:39:11');

DROP TABLE IF EXISTS `categories`;
CREATE TABLE `categories` (
  `id` int(10) unsigned NOT NULL AUTO_INCREMENT,
  `name` varchar(255) COLLATE utf8_unicode_ci DEFAULT NULL,
  `comment` varchar(255) COLLATE utf8_unicode_ci DEFAULT NULL,
  `created_at` timestamp NULL DEFAULT NULL,
  `updated_at` timestamp NULL DEFAULT NULL,
  PRIMARY KEY (`id`)
) ENGINE=InnoDB DEFAULT CHARSET=utf8 COLLATE=utf8_unicode_ci;

INSERT INTO `categories` (`id`, `name`, `comment`, `created_at`, `updated_at`) VALUES
(1,	'Загальні заклади освіти',	'Загальний навчальний заклад',	'2016-12-26 05:30:44',	'2017-03-03 10:09:59'),
(2,	'Спеціальні заклади освіти',	'Спеціальні навчальні заклади',	'2016-12-26 07:59:57',	'2017-03-03 10:10:07'),
(3,	'Позашкільні заклади освіти',	'Позашкільні навчальні заклади',	'2016-12-26 08:00:51',	'2017-03-03 10:10:14'),
(4,	'Дошкільні навчальні заклади',	'Дошкільні навчальні заклади',	'2016-12-26 08:01:24',	'2017-03-03 10:10:22'),
(6,	'Медичні заклади',	'Медичні заклади',	'2017-01-27 11:15:12',	'2017-03-03 10:10:38'),
(7,	'Аптеки',	'Аптеки',	'2017-02-28 15:25:34',	'2017-02-28 15:25:34'),
(8,	'Кав\'ярні',	'Кав\'ярні',	'2017-03-07 13:24:44',	'2017-03-07 13:24:44'),
(9,	'Вокзали',	'Вокзали',	'2017-03-17 11:26:24',	'2017-03-17 11:26:24'),
(10,	'Музеї',	'Музеї',	'2017-03-17 11:26:49',	'2017-03-17 11:26:49'),
(11,	'Театри, філармонії',	'Театри, філармонії',	'2017-03-17 11:27:18',	'2017-03-17 11:27:18'),
(12,	'Бібліотеки',	'Бібліотеки',	'2017-03-17 11:27:42',	'2017-03-17 11:27:42'),
(13,	'Собори, церкви',	'Собори, церкви',	'2017-03-17 11:28:05',	'2017-03-17 11:28:05'),
(15,	'Банки',	'Банки',	'2017-09-04 11:12:13',	'2017-09-04 11:12:13'),
(16,	'Туристичні агенства',	'Туристичні агенства',	'2017-09-04 11:29:52',	'2017-09-04 11:29:52'),
(17,	'Магазини',	'Магазини',	'2017-09-04 12:10:11',	'2017-09-04 12:10:11'),
(18,	'Інше',	'Інше',	'2017-09-04 12:26:18',	'2017-09-04 12:26:18');

DROP TABLE IF EXISTS `imgs`;
CREATE TABLE `imgs` (
  `id` int(10) unsigned NOT NULL AUTO_INCREMENT,
  `place_id` int(10) unsigned DEFAULT NULL,
  `path` varchar(255) COLLATE utf8_unicode_ci DEFAULT NULL,
  `comment` varchar(255) COLLATE utf8_unicode_ci DEFAULT NULL,
  `created_at` timestamp NULL DEFAULT NULL,
  `updated_at` timestamp NULL DEFAULT NULL,
  PRIMARY KEY (`id`),
  KEY `imgs_place_id_foreign` (`place_id`),
  CONSTRAINT `imgs_place_id_foreign` FOREIGN KEY (`place_id`) REFERENCES `places` (`id`) ON DELETE CASCADE ON UPDATE CASCADE
) ENGINE=InnoDB DEFAULT CHARSET=utf8 COLLATE=utf8_unicode_ci;


DROP TABLE IF EXISTS `messages`;
CREATE TABLE `messages` (
  `id` int(10) unsigned NOT NULL AUTO_INCREMENT,
  `created_at` timestamp NULL DEFAULT NULL,
  `updated_at` timestamp NULL DEFAULT NULL,
  `email` varchar(255) COLLATE utf8_unicode_ci DEFAULT NULL,
  `text` varchar(255) COLLATE utf8_unicode_ci DEFAULT NULL,
  `read` tinyint(1) NOT NULL DEFAULT '0',
  PRIMARY KEY (`id`)
) ENGINE=InnoDB DEFAULT CHARSET=utf8 COLLATE=utf8_unicode_ci;

INSERT INTO `messages` (`id`, `created_at`, `updated_at`, `email`, `text`, `read`) VALUES
(1,	'2017-04-07 18:47:37',	'2017-04-07 18:47:37',	'asd@asd.casd',	'asd',	0),
(2,	'2017-09-05 09:12:43',	'2017-09-05 09:12:43',	'irakonstantinova10@gmail.com',	'тестую зроблене',	0),
(3,	'2017-09-27 16:39:52',	'2017-09-27 16:39:52',	'kboyko1999@gmail.com',	':)',	0),
(4,	'2017-10-24 09:45:24',	'2017-10-24 09:45:24',	'opeciti@gmail.com',	'Дякую за сервіс. Він підлагує на опера міні',	0);

DROP TABLE IF EXISTS `migrations`;
CREATE TABLE `migrations` (
  `id` int(10) unsigned NOT NULL AUTO_INCREMENT,
  `migration` varchar(255) COLLATE utf8_unicode_ci NOT NULL,
  `batch` int(11) NOT NULL,
  PRIMARY KEY (`id`)
) ENGINE=InnoDB DEFAULT CHARSET=utf8 COLLATE=utf8_unicode_ci;

INSERT INTO `migrations` (`id`, `migration`, `batch`) VALUES
(1,	'2014_10_12_000000_create_users_table',	1),
(2,	'2014_10_12_100000_create_password_resets_table',	1),
(3,	'2016_12_13_131407_create_imgs_table',	1),
(4,	'2016_12_13_131430_create_places_table',	1),
(5,	'2016_12_13_131458_create_accessibilities_table',	1),
(6,	'2016_12_13_131521_create_accessibility_titles_table',	1),
(7,	'2016_12_13_131546_create_parameters_table',	1),
(8,	'2016_12_13_131631_create_addresses_table',	1),
(9,	'2016_12_13_131711_create_categories_table',	1),
(10,	'2016_12_13_131743_create_streets_table',	1),
(11,	'2016_12_13_140917_create_cities_table',	1),
(12,	'2016_12_14_115041_create_parameter_titles_table',	1),
(13,	'2017_02_01_081331_change_place_table',	2),
(14,	'2017_02_01_091337_change_keys_in_tables',	3),
(15,	'2017_02_17_113740_change_parameter_titles',	4),
(16,	'2017_03_01_135603_add_colum_short_name_to_places_table',	5),
(17,	'2017_04_07_052322_create_messages_table',	6),
(18,	'2017_04_13_011317_create_place_comments_table',	7),
(19,	'2017_04_15_130605_create_social_columns_to_users_table',	7),
(20,	'2017_04_15_151913_entrust_setup_tables',	7),
(21,	'2017_04_15_163546_add_banned_columns_to_users_table',	7),
(22,	'2017_08_15_211847_add_provider_column_default_value_users_table',	8);

DROP TABLE IF EXISTS `parameters`;
CREATE TABLE `parameters` (
  `id` int(10) unsigned NOT NULL AUTO_INCREMENT,
  `place_id` int(10) unsigned DEFAULT NULL,
  `param_title_id` int(10) unsigned DEFAULT NULL,
  `value` varchar(255) COLLATE utf8_unicode_ci DEFAULT NULL,
  `created_at` timestamp NULL DEFAULT NULL,
  `updated_at` timestamp NULL DEFAULT NULL,
  PRIMARY KEY (`id`),
  KEY `parameters_place_id_foreign` (`place_id`),
  KEY `parameters_param_title_id_foreign` (`param_title_id`),
  CONSTRAINT `parameters_param_title_id_foreign` FOREIGN KEY (`param_title_id`) REFERENCES `parameter_titles` (`id`) ON DELETE CASCADE ON UPDATE CASCADE,
  CONSTRAINT `parameters_place_id_foreign` FOREIGN KEY (`place_id`) REFERENCES `places` (`id`) ON DELETE CASCADE ON UPDATE CASCADE
) ENGINE=InnoDB DEFAULT CHARSET=utf8 COLLATE=utf8_unicode_ci;

INSERT INTO `parameters` (`id`, `place_id`, `param_title_id`, `value`, `created_at`, `updated_at`) VALUES
(1,	1,	1,	'Майстрова Ірина Анатоліївна',	'2016-12-26 09:45:48',	'2017-02-03 06:28:59'),
(2,	2,	1,	'Катеруша Лариса Леонідівна',	'2016-12-26 09:45:48',	'2016-12-26 09:45:48'),
(3,	3,	1,	'Бик Світлана Стахівна',	'2016-12-26 09:45:48',	'2016-12-26 09:45:48'),
(4,	4,	1,	'Лозовий Володимир Павлович',	'2016-12-26 09:45:48',	'2016-12-26 09:45:48'),
(5,	5,	1,	'Война Галина Георгіївна',	'2016-12-26 09:45:48',	'2016-12-26 09:45:48'),
(6,	6,	1,	'Кравченко Надія Станіславівна',	'2016-12-26 09:45:48',	'2016-12-26 09:45:48'),
(7,	7,	1,	'Каліч Людмила Юріївна',	'2016-12-26 09:45:48',	'2016-12-26 09:45:48'),
(8,	8,	1,	'Яковлєв Ігор Володимирович',	'2016-12-26 09:45:48',	'2016-12-26 09:45:48'),
(9,	9,	1,	'Коваленко Надія Миколаївна',	'2016-12-26 09:45:48',	'2016-12-26 09:45:48'),
(10,	10,	1,	'Кондратенко Ірина Олександрівна',	'2016-12-26 09:45:48',	'2016-12-26 09:45:48'),
(11,	11,	1,	'Максимова Олена Олегівна',	'2016-12-26 09:45:48',	'2016-12-26 09:45:48'),
(12,	12,	1,	'Легка Валентина Анатоліївна',	'2016-12-26 09:45:48',	'2016-12-26 09:45:48'),
(13,	13,	1,	'в.о. Фетісова Лариса Федорівна',	'2016-12-26 09:45:48',	'2016-12-26 09:45:48'),
(14,	14,	1,	'Саржевський Олександр Анатолійович',	'2016-12-26 09:45:48',	'2016-12-26 09:45:48'),
(15,	15,	1,	'Левченко Лариса Павлівна',	'2016-12-26 09:45:48',	'2016-12-26 09:45:48'),
(16,	16,	1,	'Міщенко Марія Григорівна',	'2016-12-26 09:45:48',	'2016-12-26 09:45:48'),
(17,	17,	1,	'Шевченко Наталія Олександрівна',	'2016-12-26 09:45:48',	'2016-12-26 09:45:48'),
(18,	18,	1,	'в.о. Євміна Олександр Іванович',	'2016-12-26 09:45:48',	'2016-12-26 09:45:48'),
(19,	19,	1,	'Шаров Юрій Михайлович',	'2016-12-26 09:45:48',	'2016-12-26 09:45:48'),
(20,	20,	1,	'Колосова Світлана Олегівна',	'2016-12-26 09:45:48',	'2016-12-26 09:45:48'),
(21,	21,	1,	'Засінець Людмила Вячеславівна',	'2016-12-26 09:45:48',	'2016-12-26 09:45:48'),
(22,	22,	1,	'Набока Борис Стефанович',	'2016-12-26 09:45:48',	'2016-12-26 09:45:48'),
(23,	23,	1,	'Михайлова Марія Вікторівна',	'2016-12-26 09:45:48',	'2016-12-26 09:45:48'),
(24,	24,	1,	'Самохвал Ірина Василівна',	'2016-12-26 09:45:48',	'2016-12-26 09:45:48'),
(25,	25,	1,	'Матяшова Лілія Петрівна',	'2016-12-26 09:45:48',	'2016-12-26 09:45:48'),
(26,	26,	1,	'Ярова Олена Василівна',	'2016-12-26 09:45:48',	'2016-12-26 09:45:48'),
(27,	27,	1,	'Смага Лариса Петрівна',	'2016-12-26 09:45:48',	'2016-12-26 09:45:48'),
(28,	28,	1,	'Вельгун Наталія Миколаївна',	'2016-12-26 09:45:48',	'2016-12-26 09:45:48'),
(29,	29,	1,	'Тиханська Тетяна Іванівна',	'2016-12-26 09:45:48',	'2016-12-26 09:45:48'),
(30,	30,	1,	'Мажарова Лариса Сергіївна',	'2016-12-26 09:45:48',	'2016-12-26 09:45:48'),
(31,	31,	1,	'Репецька Наталія Анатоліївна',	'2016-12-26 09:45:48',	'2016-12-26 09:45:48'),
(32,	32,	1,	'Ануфрієв Віктор Семенович',	'2016-12-26 09:45:48',	'2016-12-26 09:45:48'),
(33,	33,	1,	'Конопат Юрій Олексійович',	'2016-12-26 09:45:48',	'2016-12-26 09:45:48'),
(34,	34,	1,	'Дадонова Тетяна Володимирівна',	'2016-12-26 09:45:48',	'2016-12-26 09:45:48'),
(35,	35,	1,	'Міщенко Сергій Іванович',	'2016-12-26 09:45:48',	'2016-12-26 09:45:48'),
(36,	36,	1,	'Сторчаус Сергій Дмитрович',	'2016-12-26 09:45:48',	'2016-12-26 09:45:48'),
(37,	37,	1,	'Титаренко Лілія Станіславівна',	'2016-12-26 09:45:48',	'2016-12-26 09:45:48'),
(38,	38,	1,	'Чередніченко Наталія Юріївна',	'2016-12-26 09:45:48',	'2016-12-26 09:45:48'),
(39,	39,	1,	'Краснова Любов Степанівна',	'2016-12-26 09:45:48',	'2016-12-26 09:45:48'),
(40,	40,	1,	'Зіненко Олена Віталіївна',	'2016-12-26 09:45:48',	'2016-12-26 09:45:48'),
(41,	41,	1,	'Пахомова Світлана Вікторівна',	'2016-12-26 09:45:48',	'2016-12-26 09:45:48'),
(42,	42,	1,	'Токарєв Олександр Юрійович',	'2016-12-26 09:45:48',	'2016-12-26 09:45:48'),
(43,	43,	1,	'Станкевич Наталія Василівна',	'2016-12-26 09:45:48',	'2016-12-26 09:45:48'),
(44,	44,	1,	'Фундова Валентина Іванівна',	'2016-12-26 09:45:48',	'2016-12-26 09:45:48'),
(45,	45,	1,	'Русул Микола Іванович',	'2016-12-26 09:45:48',	'2016-12-26 09:45:48'),
(46,	46,	1,	'Савицький Віктор Андрійович',	'2016-12-26 09:45:48',	'2016-12-26 09:45:48'),
(47,	47,	1,	'Чуприна Сергій Федорович',	'2016-12-26 09:45:48',	'2016-12-26 09:45:48'),
(48,	48,	1,	'Фразіс Тетяна Феодосіївна',	'2016-12-26 09:45:48',	'2016-12-26 09:45:48'),
(49,	49,	1,	'Бородай Дмитро Васильович',	'2016-12-26 09:45:48',	'2016-12-26 09:45:48'),
(50,	50,	1,	'Міліченко Анжела Миколаївна',	'2016-12-26 09:45:48',	'2016-12-26 09:45:48'),
(51,	51,	1,	'Новохатська Людмила Олександрівна',	'2016-12-26 09:45:48',	'2016-12-26 09:45:48'),
(52,	52,	1,	'Бабак Ірина Миколаївна',	'2016-12-26 09:45:48',	'2016-12-26 09:45:48'),
(53,	53,	1,	'Богданова Інна Ігнатівна',	'2016-12-26 09:45:48',	'2016-12-26 09:45:48'),
(54,	54,	1,	'Коц Людмила Михайлівна',	'2016-12-26 09:45:48',	'2016-12-26 09:45:48'),
(55,	55,	1,	'Вознюк Людмила Петрівна',	'2016-12-26 09:45:48',	'2016-12-26 09:45:48'),
(56,	56,	1,	'Скрипка Надія Вікторівна',	'2016-12-26 09:45:48',	'2016-12-26 09:45:48'),
(57,	57,	1,	'Солонцова Катерина Сергіївна',	'2016-12-26 09:45:48',	'2016-12-26 09:45:48'),
(58,	58,	1,	'Єриненко Надія Андріївна',	'2016-12-26 09:45:48',	'2016-12-26 09:45:48'),
(59,	59,	1,	'Зубалій Алла Олександрівна',	'2016-12-26 09:45:48',	'2016-12-26 09:45:48'),
(60,	60,	1,	'Чумак Аліна Іванівна',	'2016-12-26 09:45:48',	'2016-12-26 09:45:48'),
(61,	61,	1,	'Васютинська Тетяна Володимирівна',	'2016-12-26 09:45:48',	'2016-12-26 09:45:48'),
(62,	62,	1,	'Дрига Вікторія Анатоліївна',	'2016-12-26 09:45:48',	'2016-12-26 09:45:48'),
(63,	63,	1,	'Пивоварова Світлана Віталіївна',	'2016-12-26 09:45:48',	'2016-12-26 09:45:48'),
(64,	64,	1,	'Катеринич Юлія Анатоліївна',	'2016-12-26 09:45:48',	'2016-12-26 09:45:48'),
(65,	65,	1,	'Сухомлин Лариса Миколаївна',	'2016-12-26 09:45:48',	'2016-12-26 09:45:48'),
(66,	66,	1,	'Крутікова Антоніна Михайлівна',	'2016-12-26 09:45:48',	'2016-12-26 09:45:48'),
(67,	67,	1,	'Волкожа Тетяна Петрівна',	'2016-12-26 09:45:48',	'2016-12-26 09:45:48'),
(68,	68,	1,	'Моторна Катерина Миколаївна',	'2016-12-26 09:45:48',	'2016-12-26 09:45:48'),
(69,	69,	1,	'Божа Вікторія Олександрівна',	'2016-12-26 09:45:48',	'2016-12-26 09:45:48'),
(70,	70,	1,	'Чубченко Ніна Сергіївна',	'2016-12-26 09:45:48',	'2016-12-26 09:45:48'),
(71,	71,	1,	'Сорока Лілія Юріївна',	'2016-12-26 09:45:48',	'2016-12-26 09:45:48'),
(72,	72,	1,	'Самаріна Лариса Василіївна',	'2016-12-26 09:45:48',	'2016-12-26 09:45:48'),
(73,	73,	1,	'Почка Каріна Аліївна',	'2016-12-26 09:45:48',	'2016-12-26 09:45:48'),
(74,	74,	1,	'Бондар Людмила Іванівна',	'2016-12-26 09:45:48',	'2016-12-26 09:45:48'),
(75,	75,	1,	'Бровко Анастасія Анатоліївна',	'2016-12-26 09:45:48',	'2016-12-26 09:45:48'),
(76,	76,	1,	'Шайнога Ірина Миколаївна',	'2016-12-26 09:45:48',	'2016-12-26 09:45:48'),
(77,	77,	1,	'Бобрикова Зінаїда Дмитрівна',	'2016-12-26 09:45:48',	'2016-12-26 09:45:48'),
(78,	78,	1,	'Колюка Олена Вікторівна',	'2016-12-26 09:45:48',	'2016-12-26 09:45:48'),
(79,	79,	1,	'Снісар Валентина Михайлівна',	'2016-12-26 09:45:48',	'2016-12-26 09:45:48'),
(80,	80,	1,	'Бондаренко Вікторія Леонідівна',	'2016-12-26 09:45:48',	'2016-12-26 09:45:48'),
(81,	81,	1,	'Лисенко Олена Миколаївна',	'2016-12-26 09:45:48',	'2016-12-26 09:45:48'),
(82,	82,	1,	'Отян Валентина Іванівна',	'2016-12-26 09:45:48',	'2016-12-26 09:45:48'),
(83,	83,	1,	'Черкес Євгенія Володимирівна',	'2016-12-26 09:45:48',	'2016-12-26 09:45:48'),
(84,	84,	1,	'Зайцева Світлана Костянтинівна',	'2016-12-26 09:45:48',	'2016-12-26 09:45:48'),
(85,	85,	1,	'Тетерева Наталля Василівна',	'2016-12-26 09:45:48',	'2016-12-26 09:45:48'),
(86,	86,	1,	'Діброва Світлана Венедиктівна',	'2016-12-26 09:45:48',	'2016-12-26 09:45:48'),
(87,	87,	1,	'Давидченко Валентина Миколаївна',	'2016-12-26 09:45:48',	'2016-12-26 09:45:48'),
(88,	88,	1,	'Клепацька Ольга Петрівна',	'2016-12-26 09:45:48',	'2016-12-26 09:45:48'),
(89,	89,	1,	'Гречишкіна Ольга Олександрівна',	'2016-12-26 09:45:48',	'2016-12-26 09:45:48'),
(128,	1,	2,	'(0522) 32-25-31',	'2016-12-26 09:49:18',	'2017-02-03 06:28:59'),
(129,	2,	2,	'(0522) 24-02-60',	'2016-12-26 09:49:18',	'2016-12-26 09:49:18'),
(130,	3,	2,	'(0522) 34-53-24',	'2016-12-26 09:49:18',	'2016-12-26 09:49:18'),
(131,	4,	2,	'(0522) 24-27-97',	'2016-12-26 09:49:18',	'2016-12-26 09:49:18'),
(132,	5,	2,	'(0522) 24-45-90',	'2016-12-26 09:49:18',	'2016-12-26 09:49:18'),
(133,	6,	2,	'(0522) 24-09-74',	'2016-12-26 09:49:18',	'2016-12-26 09:49:18'),
(134,	7,	2,	'(0522) 24-39-63',	'2016-12-26 09:49:18',	'2016-12-26 09:49:18'),
(135,	8,	2,	'(0522) 56-15-52',	'2016-12-26 09:49:18',	'2016-12-26 09:49:18'),
(136,	9,	2,	'(0522) 56-10-49',	'2016-12-26 09:49:18',	'2016-12-26 09:49:18'),
(137,	10,	2,	'(0522) 30-38-94',	'2016-12-26 09:49:18',	'2016-12-26 09:49:18'),
(138,	11,	2,	'(0522) 22-57-08',	'2016-12-26 09:49:18',	'2016-12-26 09:49:18'),
(139,	12,	2,	'(0522) 36-44-41',	'2016-12-26 09:49:18',	'2016-12-26 09:49:18'),
(140,	13,	2,	'(0522) 34-63-26',	'2016-12-26 09:49:18',	'2016-12-26 09:49:18'),
(141,	14,	2,	'(0522) 34-59-77',	'2016-12-26 09:49:18',	'2016-12-26 09:49:18'),
(142,	15,	2,	'(0522) 56-53-84',	'2016-12-26 09:49:18',	'2016-12-26 09:49:18'),
(143,	16,	2,	'(0522) 33-02-04',	'2016-12-26 09:49:18',	'2016-12-26 09:49:18'),
(144,	17,	2,	'(0522) 33-64-42',	'2016-12-26 09:49:18',	'2016-12-26 09:49:18'),
(145,	18,	2,	'(0522) 55-72-40',	'2016-12-26 09:49:18',	'2016-12-26 09:49:18'),
(146,	19,	2,	'(0522) 55-88-01, 55-82-97',	'2016-12-26 09:49:18',	'2016-12-26 09:49:18'),
(147,	20,	2,	'(0522) 24-85-52',	'2016-12-26 09:49:18',	'2016-12-26 09:49:18'),
(148,	21,	2,	'(0522) 56-90-11',	'2016-12-26 09:49:18',	'2016-12-26 09:49:18'),
(149,	22,	2,	'(0522) 27-45-30, 27-45-23',	'2016-12-26 09:49:18',	'2016-12-26 09:49:18'),
(150,	23,	2,	'(0522) 56-73-93',	'2016-12-26 09:49:18',	'2016-12-26 09:49:18'),
(151,	24,	2,	'(0522) 22-49-80',	'2016-12-26 09:49:18',	'2016-12-26 09:49:18'),
(152,	25,	2,	'(0522) 34-52-57',	'2016-12-26 09:49:18',	'2016-12-26 09:49:18'),
(153,	26,	2,	'(0522) 22-17-94',	'2016-12-26 09:49:18',	'2016-12-26 09:49:18'),
(154,	27,	2,	'(0522) 23-02-12',	'2016-12-26 09:49:18',	'2016-12-26 09:49:18'),
(155,	28,	2,	'(0522) 22-08-12',	'2016-12-26 09:49:18',	'2016-12-26 09:49:18'),
(156,	29,	2,	'(0522) 55-83-55',	'2016-12-26 09:49:18',	'2016-12-26 09:49:18'),
(157,	30,	2,	'(0522) 23-13-48',	'2016-12-26 09:49:18',	'2016-12-26 09:49:18'),
(158,	31,	2,	'(0522) 22-46-93',	'2016-12-26 09:49:18',	'2016-12-26 09:49:18'),
(159,	32,	2,	'(0522) 22-77-13',	'2016-12-26 09:49:18',	'2016-12-26 09:49:18'),
(160,	33,	2,	'(0522) 55-83-69',	'2016-12-26 09:49:18',	'2016-12-26 09:49:18'),
(161,	34,	2,	'(0522) 30-22-09, 30-23-13',	'2016-12-26 09:49:18',	'2016-12-26 09:49:18'),
(162,	35,	2,	'(0522) 24-75-97',	'2016-12-26 09:49:18',	'2016-12-26 09:49:18'),
(163,	36,	2,	'(0522) 34-52-52',	'2016-12-26 09:49:18',	'2016-12-26 09:49:18'),
(164,	37,	2,	'(0522) 56-31-75',	'2016-12-26 09:49:18',	'2016-12-26 09:49:18'),
(165,	38,	2,	'(0522) 22-58-43',	'2016-12-26 09:49:18',	'2016-12-26 09:49:18'),
(166,	39,	2,	'(0522) 56-57-95',	'2016-12-26 09:49:18',	'2016-12-26 09:49:18'),
(167,	40,	2,	'(0522) 30-14-55',	'2016-12-26 09:49:18',	'2016-12-26 09:49:18'),
(168,	41,	2,	'(0522) 56-32-68',	'2016-12-26 09:49:18',	'2016-12-26 09:49:18'),
(169,	42,	2,	'(0522) 22-05-86',	'2016-12-26 09:49:18',	'2016-12-26 09:49:18'),
(170,	43,	2,	'(0522) 55-12-04',	'2016-12-26 09:49:18',	'2016-12-26 09:49:18'),
(171,	44,	2,	'(0522) 33-93-27',	'2016-12-26 09:49:18',	'2016-12-26 09:49:18'),
(172,	45,	2,	'(0522) 27-42-69, 30-24-39',	'2016-12-26 09:49:18',	'2016-12-26 09:49:18'),
(173,	46,	2,	'(0522) 59-46-44',	'2016-12-26 09:49:18',	'2016-12-26 09:49:18'),
(174,	47,	2,	'(0522) 33-65-83',	'2016-12-26 09:49:18',	'2016-12-26 09:49:18'),
(175,	48,	2,	'(0522) 29-44-76',	'2016-12-26 09:49:18',	'2016-12-26 09:49:18'),
(176,	49,	2,	'(0522) 56-58-18',	'2016-12-26 09:49:18',	'2016-12-26 09:49:18'),
(177,	50,	2,	'(0522) 22-17-92',	'2016-12-26 09:49:18',	'2016-12-26 09:49:18'),
(178,	51,	2,	'(0522) 36-25-74',	'2016-12-26 09:49:18',	'2016-12-26 09:49:18'),
(179,	52,	2,	'(0522) 22-86-81',	'2016-12-26 09:49:18',	'2016-12-26 09:49:18'),
(180,	53,	2,	'(0522) 55-52-81',	'2016-12-26 09:49:18',	'2016-12-26 09:49:18'),
(181,	54,	2,	'(0522) 34-27-19',	'2016-12-26 09:49:18',	'2016-12-26 09:49:18'),
(182,	55,	2,	'(0522) 30-25-64',	'2016-12-26 09:49:18',	'2016-12-26 09:49:18'),
(183,	56,	2,	'(0522) 22-18-81',	'2016-12-26 09:49:18',	'2016-12-26 09:49:18'),
(184,	57,	2,	'(0522) 24-44-14',	'2016-12-26 09:49:18',	'2016-12-26 09:49:18'),
(185,	58,	2,	'(0522) 24-06-43',	'2016-12-26 09:49:18',	'2016-12-26 09:49:18'),
(186,	59,	2,	'(0522) 33-65-68',	'2016-12-26 09:49:18',	'2016-12-26 09:49:18'),
(187,	60,	2,	'(0522) 39-44-43',	'2016-12-26 09:49:18',	'2016-12-26 09:49:18'),
(188,	61,	2,	'(0522) 34-59-79, 34-59-82',	'2016-12-26 09:49:18',	'2016-12-26 09:49:18'),
(189,	62,	2,	'(0522) 22-25-07',	'2016-12-26 09:49:18',	'2016-12-26 09:49:18'),
(190,	63,	2,	'(0522) 32-28-25',	'2016-12-26 09:49:18',	'2016-12-26 09:49:18'),
(191,	64,	2,	'(0522) 34-61-31, 34-67-74',	'2016-12-26 09:49:18',	'2016-12-26 09:49:18'),
(192,	65,	2,	'(0522) 23-15-33',	'2016-12-26 09:49:18',	'2016-12-26 09:49:18'),
(193,	66,	2,	'(0522) 56-72-86',	'2016-12-26 09:49:18',	'2016-12-26 09:49:18'),
(194,	67,	2,	'(0522) 24-08-89, 22-95-57',	'2016-12-26 09:49:18',	'2016-12-26 09:49:18'),
(195,	68,	2,	'(0522) 33-45-94',	'2016-12-26 09:49:18',	'2016-12-26 09:49:18'),
(196,	69,	2,	'(0522) 34-99-76',	'2016-12-26 09:49:18',	'2016-12-26 09:49:18'),
(197,	70,	2,	'(0522) 24-07-24',	'2016-12-26 09:49:18',	'2016-12-26 09:49:18'),
(198,	71,	2,	'(0522) 22-45-73',	'2016-12-26 09:49:18',	'2016-12-26 09:49:18'),
(199,	72,	2,	'(0522) 56-31-94',	'2016-12-26 09:49:18',	'2016-12-26 09:49:18'),
(200,	73,	2,	'(0522) 33-61-73',	'2016-12-26 09:49:18',	'2016-12-26 09:49:18'),
(201,	74,	2,	'(0522) 33-05-02, 33-45-72',	'2016-12-26 09:49:18',	'2016-12-26 09:49:18'),
(202,	75,	2,	'(0522) 34-56-26, 34-56-25',	'2016-12-26 09:49:18',	'2016-12-26 09:49:18'),
(203,	76,	2,	'(0522) 37-84-41',	'2016-12-26 09:49:18',	'2016-12-26 09:49:18'),
(204,	77,	2,	'(0522) 55-86-82, 55-83-47',	'2016-12-26 09:49:18',	'2016-12-26 09:49:18'),
(205,	78,	2,	'(0522) 55-81-26',	'2016-12-26 09:49:18',	'2016-12-26 09:49:18'),
(206,	79,	2,	'(0522) 55-73-41',	'2016-12-26 09:49:18',	'2016-12-26 09:49:18'),
(207,	80,	2,	'(0522) 33-75-65',	'2016-12-26 09:49:18',	'2016-12-26 09:49:18'),
(208,	81,	2,	'(0522) 55-84-37',	'2016-12-26 09:49:18',	'2016-12-26 09:49:18'),
(209,	82,	2,	'(0522) 55-82-68',	'2016-12-26 09:49:18',	'2016-12-26 09:49:18'),
(210,	83,	2,	'(0522) 2-45-40',	'2016-12-26 09:49:18',	'2016-12-26 09:49:18'),
(211,	84,	2,	'(0522) 23-00-90, 33-71-15',	'2016-12-26 09:49:18',	'2016-12-26 09:49:18'),
(212,	85,	2,	'(0522) 56-53-89',	'2016-12-26 09:49:18',	'2016-12-26 09:49:18'),
(213,	86,	2,	'(0522) 22-94-14',	'2016-12-26 09:49:18',	'2016-12-26 09:49:18'),
(214,	87,	2,	'(0522) 22-98-58',	'2016-12-26 09:49:18',	'2016-12-26 09:49:18'),
(215,	88,	2,	'(0522) 30-25-47',	'2016-12-26 09:49:18',	'2016-12-26 09:49:18'),
(216,	89,	2,	'(0522) 55-79-37',	'2016-12-26 09:49:18',	'2016-12-26 09:49:18'),
(255,	1,	3,	'NVO-1@ukr.net',	'2016-12-26 09:50:55',	'2017-02-03 06:28:59'),
(256,	2,	3,	'krzosh_2@ukr.net',	'2016-12-26 09:50:55',	'2016-12-26 09:50:55'),
(257,	3,	3,	'kir_school_3@ukr.net',	'2016-12-26 09:50:55',	'2016-12-26 09:50:55'),
(258,	4,	3,	'school_4_kir@meta.ua',	'2016-12-26 09:50:55',	'2016-12-26 09:50:55'),
(259,	5,	3,	'egymnas@ukr.net',	'2016-12-26 09:50:55',	'2016-12-26 09:50:55'),
(260,	6,	3,	'school6kr@gmail.com',	'2016-12-26 09:50:55',	'2016-12-26 09:50:55'),
(261,	7,	3,	'pushkin_7@ukr.net',	'2016-12-26 09:50:55',	'2016-12-26 09:50:55'),
(262,	8,	3,	'Lyceum_s.school8@ukr.net',	'2016-12-26 09:50:55',	'2016-12-26 09:50:55'),
(263,	9,	3,	'Gymnasium9kir@i.ua',	'2016-12-26 09:50:55',	'2016-12-26 09:50:55'),
(264,	10,	3,	'zosh10_kmr@ukr.net',	'2016-12-26 09:50:55',	'2016-12-26 09:50:55'),
(265,	11,	3,	'nvk.kollegium11@gmail.com',	'2016-12-26 09:50:55',	'2016-12-26 09:50:55'),
(266,	12,	3,	'zosh12zav@ukr.net',	'2016-12-26 09:50:55',	'2016-12-26 09:50:55'),
(267,	13,	3,	'13school_kd@ukr.net',	'2016-12-26 09:50:55',	'2016-12-26 09:50:55'),
(268,	14,	3,	'szoch14kmr@ukr.net',	'2016-12-26 09:50:55',	'2016-12-26 09:50:55'),
(269,	15,	3,	'nvo.znz.15@gmail.com',	'2016-12-26 09:50:55',	'2016-12-26 09:50:55'),
(270,	16,	3,	'nvoznz16@ukr.net',	'2016-12-26 09:50:55',	'2016-12-26 09:50:55'),
(271,	17,	3,	'zosh_17@ukr.net',	'2016-12-26 09:50:55',	'2016-12-26 09:50:55'),
(272,	18,	3,	'zosh18@ukr.net',	'2016-12-26 09:50:55',	'2016-12-26 09:50:55'),
(273,	19,	3,	'shkola-19@ukr.net',	'2016-12-26 09:50:55',	'2016-12-26 09:50:55'),
(274,	20,	3,	'nvo_20@ukr.net',	'2016-12-26 09:50:55',	'2016-12-26 09:50:55'),
(275,	21,	3,	'School21bal@ukr.net',	'2016-12-26 09:50:55',	'2016-12-26 09:50:55'),
(276,	22,	3,	'bsnaboka@ukr.net',	'2016-12-26 09:50:55',	'2016-12-26 09:50:55'),
(277,	23,	3,	'zosh.23@meta.ua',	'2016-12-26 09:50:55',	'2016-12-26 09:50:55'),
(278,	24,	3,	'school_24_oberig@ukr.net',	'2016-12-26 09:50:55',	'2016-12-26 09:50:55'),
(279,	25,	3,	'nvk25@ukr.net',	'2016-12-26 09:50:55',	'2016-12-26 09:50:55'),
(280,	26,	3,	'kirovograd_nvk26@ukr.net',	'2016-12-26 09:50:55',	'2016-12-26 09:50:55'),
(281,	27,	3,	'majb29-kd09@ukr.net',	'2016-12-26 09:50:55',	'2016-12-26 09:50:55'),
(282,	28,	3,	'school30_kr@i.ua',	'2016-12-26 09:50:55',	'2016-12-26 09:50:55'),
(283,	29,	3,	'school_31_@ukr.net',	'2016-12-26 09:50:55',	'2016-12-26 09:50:55'),
(284,	30,	3,	'sh32k@ukr.net',	'2016-12-26 09:50:55',	'2016-12-26 09:50:55'),
(285,	31,	3,	'nvo33dnz@ukr.net',	'2016-12-26 09:50:55',	'2016-12-26 09:50:55'),
(286,	32,	3,	'nvk34@ukr.net',	'2016-12-26 09:50:55',	'2016-12-26 09:50:55'),
(287,	33,	3,	'school35-kir@ukr.net',	'2016-12-26 09:50:55',	'2016-12-26 09:50:55'),
(288,	34,	3,	'school1st37@ukr.net',	'2016-12-26 09:50:55',	'2016-12-26 09:50:55'),
(289,	35,	3,	'Zonax38@ukr.net',	'2016-12-26 09:50:55',	'2016-12-26 09:50:55'),
(290,	36,	3,	'nvo_sokil@ukr.net',	'2016-12-26 09:50:55',	'2016-12-26 09:50:55'),
(291,	37,	3,	'schoolmriya23@gmail.com',	'2016-12-26 09:50:55',	'2016-12-26 09:50:55'),
(292,	38,	3,	'pedlitcey@gmail.com',	'2016-12-26 09:50:55',	'2016-12-26 09:50:55'),
(293,	39,	3,	'ls-krasnova@ukr.net',	'2016-12-26 09:50:55',	'2016-12-26 09:50:55'),
(294,	40,	3,	'oravnerbest@i.ua',	'2016-12-26 09:50:55',	'2016-12-26 09:50:55'),
(295,	41,	3,	'viktoria_p10@ukr.net',	'2016-12-26 09:50:55',	'2016-12-26 09:50:55'),
(296,	42,	3,	'kktk_kowolap@ukr.net',	'2016-12-26 09:50:55',	'2016-12-26 09:50:55'),
(297,	43,	3,	'spzohs_stankevihz@ukr.net',	'2016-12-26 09:50:55',	'2016-12-26 09:50:55'),
(298,	44,	3,	'nvo_kirov@ukr.net',	'2016-12-26 09:50:55',	'2016-12-26 09:50:55'),
(299,	45,	3,	'skazka.kr.ua@ukr.net',	'2016-12-26 09:50:55',	'2016-12-26 09:50:55'),
(300,	46,	3,	'centeryunost@ukr.net',	'2016-12-26 09:50:55',	'2016-12-26 09:50:55'),
(301,	47,	3,	'sut.kr@ukr.net',	'2016-12-26 09:50:55',	'2016-12-26 09:50:55'),
(302,	48,	3,	'bdutkir@meta.ua',	'2016-12-26 09:50:55',	'2016-12-26 09:50:55'),
(303,	49,	3,	'kaskad.kir@ukr.net',	'2016-12-26 09:50:55',	'2016-12-26 09:50:55'),
(304,	50,	3,	'dnz2kirovograd@ukr.net',	'2016-12-26 09:50:55',	'2016-12-26 09:50:55'),
(305,	51,	3,	'nezabydka.dnz3@yandex.ua',	'2016-12-26 09:50:55',	'2016-12-26 09:50:55'),
(306,	52,	3,	'teremok4@i.ua',	'2016-12-26 09:50:55',	'2016-12-26 09:50:55'),
(307,	53,	3,	'tanyaishhenko@ukr.net',	'2016-12-26 09:50:55',	'2016-12-26 09:50:55'),
(308,	54,	3,	'zirozka15@ukr.net',	'2016-12-26 09:50:55',	'2016-12-26 09:50:55'),
(309,	55,	3,	'dnz-16@ukr.net',	'2016-12-26 09:50:55',	'2016-12-26 09:50:55'),
(310,	56,	3,	'orljtko17@ukr.net',	'2016-12-26 09:50:55',	'2016-12-26 09:50:55'),
(311,	57,	3,	'dnz19_dzvinochok@ukr.net',	'2016-12-26 09:50:55',	'2016-12-26 09:50:55'),
(312,	58,	3,	'dnz.21@ukr.net',	'2016-12-26 09:50:55',	'2016-12-26 09:50:55'),
(313,	59,	3,	'kirovograd.dnz22@ukr.net',	'2016-12-26 09:50:55',	'2016-12-26 09:50:55'),
(314,	60,	3,	'dnz23kirovograd@ukr.net',	'2016-12-26 09:50:55',	'2016-12-26 09:50:55'),
(315,	61,	3,	'DZ_24@ukr.net',	'2016-12-26 09:50:55',	'2016-12-26 09:50:55'),
(316,	62,	3,	'dnz.vishenka27@ukr.net',	'2016-12-26 09:50:55',	'2016-12-26 09:50:55'),
(317,	63,	3,	'zirochka-28@ukr.net',	'2016-12-26 09:50:55',	'2016-12-26 09:50:55'),
(318,	64,	3,	'kindergarten29@ukr.net',	'2016-12-26 09:50:55',	'2016-12-26 09:50:55'),
(319,	65,	3,	'berezka31@ukr.net',	'2016-12-26 09:50:55',	'2016-12-26 09:50:55'),
(320,	66,	3,	'Svitlyhok1968@ukr.net',	'2016-12-26 09:50:55',	'2016-12-26 09:50:55'),
(321,	67,	3,	'dnz37.lastochka@ukr.net',	'2016-12-26 09:50:55',	'2016-12-26 09:50:55'),
(322,	68,	3,	'saddelfin@ukr.net',	'2016-12-26 09:50:55',	'2016-12-26 09:50:55'),
(323,	69,	3,	'vik69.07@ukr.net',	'2016-12-26 09:50:55',	'2016-12-26 09:50:55'),
(324,	70,	3,	'gorobinca43@ukr.net',	'2016-12-26 09:50:55',	'2016-12-26 09:50:55'),
(325,	71,	3,	'dnzn46@ukr.net',	'2016-12-26 09:50:55',	'2016-12-26 09:50:55'),
(326,	72,	3,	'gorobinka47@ukr.net',	'2016-12-26 09:50:55',	'2016-12-26 09:50:55'),
(327,	73,	3,	'48.dnz@ukr.net',	'2016-12-26 09:50:55',	'2016-12-26 09:50:55'),
(328,	74,	3,	'mega.dnz52@ukr.net',	'2016-12-26 09:50:55',	'2016-12-26 09:50:55'),
(329,	75,	3,	'4ebyrawka54@ukr.net',	'2016-12-26 09:50:55',	'2016-12-26 09:50:55'),
(330,	76,	3,	'yagodka60@ukr.net',	'2016-12-26 09:50:55',	'2016-12-26 09:50:55'),
(331,	77,	3,	'Gnizdechko_sad@ukr.net',	'2016-12-26 09:50:55',	'2016-12-26 09:50:55'),
(332,	78,	3,	'sputnik62@ukr.net',	'2016-12-26 09:50:55',	'2016-12-26 09:50:55'),
(333,	79,	3,	'Posmihka63@i.ua',	'2016-12-26 09:50:55',	'2016-12-26 09:50:55'),
(334,	80,	3,	'bvl.vika@yandex.ua',	'2016-12-26 09:50:55',	'2016-12-26 09:50:55'),
(335,	81,	3,	'saddelfin@ukr.net',	'2016-12-26 09:50:55',	'2016-12-26 09:50:55'),
(336,	82,	3,	'dnz_68zolotarubka@ukr.net',	'2016-12-26 09:50:55',	'2016-12-26 09:50:55'),
(337,	83,	3,	'dnz_69@ukr.net',	'2016-12-26 09:50:55',	'2016-12-26 09:50:55'),
(338,	84,	3,	'olenka.dnz70@ukr.net',	'2016-12-26 09:50:55',	'2016-12-26 09:50:55'),
(339,	85,	3,	'kirovograd-dnz-71@ukr.net',	'2016-12-26 09:50:55',	'2016-12-26 09:50:55'),
(340,	86,	3,	'dnz_72gnomik@ukr.net',	'2016-12-26 09:50:55',	'2016-12-26 09:50:55'),
(341,	87,	3,	'chervona_kvitochka@ukr.net',	'2016-12-26 09:50:55',	'2016-12-26 09:50:55'),
(342,	88,	3,	'dnz_74@ukr.net',	'2016-12-26 09:50:55',	'2016-12-26 09:50:55'),
(343,	89,	3,	'barvinok-kirovohrad@ukr.net',	'2016-12-26 09:50:55',	'2016-12-26 09:50:55'),
(382,	1,	4,	'http://shcool1.klasna.com',	'2016-12-26 09:51:49',	'2017-02-03 06:28:59'),
(383,	2,	4,	'http://krschool2.klasna.com',	'2016-12-26 09:51:49',	'2016-12-26 09:51:49'),
(384,	3,	4,	'http://kirovogradschool3.klasna.com',	'2016-12-26 09:51:49',	'2016-12-26 09:51:49'),
(385,	4,	4,	'http://skhool4.klasna.com',	'2016-12-26 09:51:49',	'2016-12-26 09:51:49'),
(386,	5,	4,	'gimnaziya-im-shevchenka.hol.es',	'2016-12-26 09:51:49',	'2016-12-26 09:51:49'),
(387,	6,	4,	'www.school6kr.org.ua',	'2016-12-26 09:51:49',	'2016-12-26 09:51:49'),
(388,	7,	4,	'http://pushkin7.klasna.com',	'2016-12-26 09:51:49',	'2016-12-26 09:51:49'),
(389,	8,	4,	'http://lyceum_school_8.klasna.com',	'2016-12-26 09:51:49',	'2016-12-26 09:51:49'),
(390,	9,	4,	'http://gymnasium9.klasna.com http://gymnasium9.pp.ua/',	'2016-12-26 09:51:49',	'2016-12-26 09:51:49'),
(391,	10,	4,	'http://schooll10.klasna.com',	'2016-12-26 09:51:49',	'2016-12-26 09:51:49'),
(392,	11,	4,	'https://sites.google.com/a/collegium.net.ua/nvk/',	'2016-12-26 09:51:49',	'2016-12-26 09:51:49'),
(393,	12,	4,	'http://school12.kr.sch.in.ua/',	'2016-12-26 09:51:49',	'2016-12-26 09:51:49'),
(394,	13,	4,	'http://znz13.klasna.com',	'2016-12-26 09:51:49',	'2016-12-26 09:51:49'),
(395,	14,	4,	'http://school14-krd.klasna.com',	'2016-12-26 09:51:49',	'2016-12-26 09:51:49'),
(396,	15,	4,	'http://nvo-znz-15.klasna.com',	'2016-12-26 09:51:49',	'2016-12-26 09:51:49'),
(397,	16,	4,	'http://kirovogradschool16.klasna.com/',	'2016-12-26 09:51:49',	'2016-12-26 09:51:49'),
(398,	17,	4,	'http://school17.kr.ua/',	'2016-12-26 09:51:49',	'2016-12-26 09:51:49'),
(399,	18,	4,	'http://18.kr.ua',	'2016-12-26 09:51:49',	'2016-12-26 09:51:49'),
(400,	19,	4,	'http://nvo19.klasna.com',	'2016-12-26 09:51:49',	'2016-12-26 09:51:49'),
(401,	20,	4,	'http://nvo20.klasna.com',	'2016-12-26 09:51:49',	'2016-12-26 09:51:49'),
(402,	21,	4,	'http://nvo21.klasna.com',	'2016-12-26 09:51:49',	'2016-12-26 09:51:49'),
(403,	22,	4,	'http://my-school.kr.ua',	'2016-12-26 09:51:49',	'2016-12-26 09:51:49'),
(404,	23,	4,	'http://school_23.klasna.com',	'2016-12-26 09:51:49',	'2016-12-26 09:51:49'),
(405,	24,	4,	'http://nvo_school24.klasna.com',	'2016-12-26 09:51:49',	'2016-12-26 09:51:49'),
(406,	25,	4,	'http://nvo25.klasna.com http://svit-tanok.com.ua/',	'2016-12-26 09:51:49',	'2016-12-26 09:51:49'),
(407,	26,	4,	'http://nvk26.klasna.com/uk/site/index.html',	'2016-12-26 09:51:49',	'2016-12-26 09:51:49'),
(408,	27,	4,	'http://school29.klasna.com/',	'2016-12-26 09:51:49',	'2016-12-26 09:51:49'),
(409,	28,	4,	'http://kirschool30.kirovedu.com',	'2016-12-26 09:51:49',	'2016-12-26 09:51:49'),
(410,	29,	4,	'http://school-31.kirovedu.com/uk',	'2016-12-26 09:51:49',	'2016-12-26 09:51:49'),
(411,	30,	4,	'http://sh32.klasna.com',	'2016-12-26 09:51:49',	'2016-12-26 09:51:49'),
(412,	31,	4,	'http://33school.org.ua http://school33k.klasna.com',	'2016-12-26 09:51:49',	'2016-12-26 09:51:49'),
(413,	32,	4,	'http://nvk34kg.klasna.com',	'2016-12-26 09:51:49',	'2016-12-26 09:51:49'),
(414,	33,	4,	'http://school35kir.klasna.com',	'2016-12-26 09:51:49',	'2016-12-26 09:51:49'),
(415,	34,	4,	'http://kirovograd-school37.klasna.com',	'2016-12-26 09:51:49',	'2016-12-26 09:51:49'),
(416,	35,	4,	'нема',	'2016-12-26 09:51:49',	'2016-12-26 09:51:49'),
(417,	36,	4,	'http://school-internat.at.ua',	'2016-12-26 09:51:49',	'2016-12-26 09:51:49'),
(418,	37,	4,	'http://school_mriya.klasna.com',	'2016-12-26 09:51:49',	'2016-12-26 09:51:49'),
(419,	38,	4,	'http://www2.kspu.kr.ua/litcey',	'2016-12-26 09:51:49',	'2016-12-26 09:51:49'),
(420,	39,	4,	'http://gntn.kr.ua/',	'2016-12-26 09:51:49',	'2016-12-26 09:51:49'),
(421,	40,	4,	'http://oravner.klasna.com',	'2016-12-26 09:51:49',	'2016-12-26 09:51:49'),
(422,	41,	4,	'http://viktoria-p.klasna.com/uk/site/golovna.html',	'2016-12-26 09:51:49',	'2016-12-26 09:51:49'),
(423,	42,	4,	'http://kktk.kr.ua/, http://kktk.klasna.com/',	'2016-12-26 09:51:49',	'2016-12-26 09:51:49'),
(424,	43,	4,	'http://specialschool.jimdo.com, http://specschool1.klasna.com',	'2016-12-26 09:51:49',	'2016-12-26 09:51:49'),
(425,	44,	4,	'http://specialschool3.edukit.kr.ua',	'2016-12-26 09:51:49',	'2016-12-26 09:51:49'),
(426,	45,	4,	'http://www.skazka.kr.ua',	'2016-12-26 09:51:49',	'2016-12-26 09:51:49'),
(427,	46,	4,	'http://forum.newnet.kr.ua',	'2016-12-26 09:51:49',	'2016-12-26 09:51:49'),
(428,	47,	4,	'http://sut.kr.ua/',	'2016-12-26 09:51:49',	'2016-12-26 09:51:49'),
(429,	48,	4,	'http://bdutkmr.klasna.com',	'2016-12-26 09:51:49',	'2016-12-26 09:51:49'),
(430,	49,	4,	'нема',	'2016-12-26 09:51:49',	'2016-12-26 09:51:49'),
(431,	50,	4,	'http://dnz2.klasna.com',	'2016-12-26 09:51:49',	'2016-12-26 09:51:49'),
(432,	51,	4,	'http://nezabydkadnz3.klasna.com',	'2016-12-26 09:51:49',	'2016-12-26 09:51:49'),
(433,	52,	4,	'http://teremok4.klasna.com',	'2016-12-26 09:51:49',	'2016-12-26 09:51:49'),
(434,	53,	4,	'http://dnz14.klasna.com',	'2016-12-26 09:51:49',	'2016-12-26 09:51:49'),
(435,	54,	4,	'http://zirozka15.klasna.com',	'2016-12-26 09:51:49',	'2016-12-26 09:51:49'),
(436,	55,	4,	'http://detsad.klasna.com',	'2016-12-26 09:51:49',	'2016-12-26 09:51:49'),
(437,	56,	4,	'http://sadok17.klasna.com',	'2016-12-26 09:51:49',	'2016-12-26 09:51:49'),
(438,	57,	4,	'http://dns19.klasna.com',	'2016-12-26 09:51:49',	'2016-12-26 09:51:49'),
(439,	58,	4,	'http://strymok.klasna.com',	'2016-12-26 09:51:49',	'2016-12-26 09:51:49'),
(440,	59,	4,	'http://olenka22.klasna.com',	'2016-12-26 09:51:49',	'2016-12-26 09:51:49'),
(441,	60,	4,	'http://suputnik.klasna.com',	'2016-12-26 09:51:49',	'2016-12-26 09:51:49'),
(442,	61,	4,	'http://dnz24k.klasna.com',	'2016-12-26 09:51:49',	'2016-12-26 09:51:49'),
(443,	62,	4,	'http://vishenka27.klasna.com',	'2016-12-26 09:51:49',	'2016-12-26 09:51:49'),
(444,	63,	4,	'http://zirochka.klasna.com',	'2016-12-26 09:51:49',	'2016-12-26 09:51:49'),
(445,	64,	4,	'http://kindergarten29.klasna.com',	'2016-12-26 09:51:49',	'2016-12-26 09:51:49'),
(446,	65,	4,	'http://berezka.klasna.com',	'2016-12-26 09:51:49',	'2016-12-26 09:51:49'),
(447,	66,	4,	'http://dnz35.klasna.com',	'2016-12-26 09:51:49',	'2016-12-26 09:51:49'),
(448,	67,	4,	'http://dnz37.klasna.com',	'2016-12-26 09:51:49',	'2016-12-26 09:51:49'),
(449,	68,	4,	'http://dnz41.klasna.com',	'2016-12-26 09:51:49',	'2016-12-26 09:51:49'),
(450,	69,	4,	'http://dnz42.klasna.com',	'2016-12-26 09:51:49',	'2016-12-26 09:51:49'),
(451,	70,	4,	'http://gorobinca43.klasna.com',	'2016-12-26 09:51:49',	'2016-12-26 09:51:49'),
(452,	71,	4,	'http://dnz46.klasna.com',	'2016-12-26 09:51:49',	'2016-12-26 09:51:49'),
(453,	72,	4,	'http://dnz47.klasna.com',	'2016-12-26 09:51:49',	'2016-12-26 09:51:49'),
(454,	73,	4,	'http://zhuravochka.klasna.com',	'2016-12-26 09:51:49',	'2016-12-26 09:51:49'),
(455,	74,	4,	'http://52dnz.klasna.com',	'2016-12-26 09:51:49',	'2016-12-26 09:51:49'),
(456,	75,	4,	'http://dnz54.klasna.com',	'2016-12-26 09:51:49',	'2016-12-26 09:51:49'),
(457,	76,	4,	'http://dnz60.klasna.com',	'2016-12-26 09:51:49',	'2016-12-26 09:51:49'),
(458,	77,	4,	'http://sad61.klasna.com',	'2016-12-26 09:51:49',	'2016-12-26 09:51:49'),
(459,	78,	4,	'http://sputnik.klasna.com',	'2016-12-26 09:51:49',	'2016-12-26 09:51:49'),
(460,	79,	4,	'http://dnz63.klasna.com',	'2016-12-26 09:51:49',	'2016-12-26 09:51:49'),
(461,	80,	4,	'http://dnz65.klasna.com',	'2016-12-26 09:51:49',	'2016-12-26 09:51:49'),
(462,	81,	4,	'http://sadic.klasna.com',	'2016-12-26 09:51:49',	'2016-12-26 09:51:49'),
(463,	82,	4,	'http://zolotarybka.klasna.com',	'2016-12-26 09:51:49',	'2016-12-26 09:51:49'),
(464,	83,	4,	'http://dnz69.klasna.com',	'2016-12-26 09:51:49',	'2016-12-26 09:51:49'),
(465,	84,	4,	'http://dnz70olenka.klasna.com',	'2016-12-26 09:51:49',	'2016-12-26 09:51:49'),
(466,	85,	4,	'http://katerinka.klasna.com',	'2016-12-26 09:51:49',	'2016-12-26 09:51:49'),
(467,	86,	4,	'http://dnz_72.klasna.com',	'2016-12-26 09:51:49',	'2016-12-26 09:51:49'),
(468,	87,	4,	'http://dnz73.klasna.com',	'2016-12-26 09:51:49',	'2016-12-26 09:51:49'),
(469,	88,	4,	'http://kirovograd_dnz_74.klasna.com',	'2016-12-26 09:51:49',	'2016-12-26 09:51:49'),
(470,	89,	4,	'http://barvinok.klasna.com',	'2016-12-26 09:51:49',	'2016-12-26 09:51:49'),
(597,	133,	1,	'Свириденко Лариса Анатоліївна',	'2017-01-27 21:02:33',	'2017-01-27 21:02:33'),
(599,	134,	1,	'Коваленко Поліна Романівна',	'2017-01-27 21:02:33',	'2017-01-27 21:12:48'),
(600,	134,	2,	'(0522) 33-20-06',	'2017-01-27 21:02:33',	'2017-01-27 21:02:33'),
(601,	135,	1,	'Козаченко ЗінаїдаІванівна',	'2017-01-27 21:02:33',	'2017-01-27 21:02:33'),
(602,	135,	2,	'(0522) 33-20-06',	'2017-01-27 21:02:33',	'2017-01-27 21:02:33'),
(603,	136,	1,	'ГамальчукМикола Павлович',	'2017-01-27 21:02:33',	'2017-01-27 21:02:33'),
(604,	136,	2,	'(0522) 33-20-06',	'2017-01-27 21:02:33',	'2017-01-27 21:02:33'),
(605,	137,	1,	'Тененик Людмила Пантеліївна',	'2017-01-27 21:02:33',	'2017-01-27 21:02:33'),
(606,	137,	2,	'(0522) 34-12-27',	'2017-01-27 21:02:33',	'2017-01-27 21:02:33'),
(607,	138,	1,	'Шевчук ТетянаІванівна',	'2017-01-27 21:02:33',	'2017-01-27 21:02:33'),
(608,	138,	2,	'(0522) 39-98-00',	'2017-01-27 21:02:33',	'2017-01-27 21:02:33'),
(609,	139,	1,	'Загороднюк Тетяна Борисівна',	'2017-01-27 21:02:33',	'2017-09-18 06:08:50'),
(610,	139,	2,	'(0522) 39-98-78',	'2017-01-27 21:02:33',	'2017-01-27 21:02:33'),
(611,	140,	1,	'Баранова ОленаЄвгенівна',	'2017-01-27 21:02:34',	'2017-01-27 21:02:34'),
(612,	140,	2,	'(0522) 22-95-88',	'2017-01-27 21:02:34',	'2017-01-27 21:02:34'),
(613,	141,	1,	'Ляшко Тамара Іванівна',	'2017-01-27 21:02:34',	'2017-01-27 21:02:34'),
(615,	142,	1,	'Мельник Ігор Наркісович',	'2017-01-27 21:02:34',	'2017-01-28 09:25:35'),
(617,	143,	1,	'Мороз Ольга Андріївна',	'2017-01-27 21:02:34',	'2017-01-27 21:02:34'),
(619,	144,	1,	'ЗлатопольськийСергійАнатолійович',	'2017-01-27 21:02:34',	'2017-01-27 21:02:34'),
(620,	144,	2,	'(0522) 55-37-27',	'2017-01-27 21:02:34',	'2017-01-27 21:02:34'),
(621,	145,	1,	'Філіпських Оксана Василівна',	'2017-01-27 21:02:34',	'2017-01-27 21:02:34'),
(622,	145,	2,	'(0522) 55-78-98',	'2017-01-27 21:02:34',	'2017-01-27 21:02:34'),
(623,	146,	1,	'Чебан ЛюбовГнатівна',	'2017-01-27 21:02:34',	'2017-01-27 21:02:34'),
(624,	146,	2,	'(0522) 55-78-98',	'2017-01-27 21:02:34',	'2017-01-27 21:02:34'),
(625,	147,	1,	'Заболотна ТетянаМихайлівна',	'2017-01-27 21:02:34',	'2017-01-27 21:02:34'),
(626,	147,	2,	'(0522) 55-52-89',	'2017-01-27 21:02:34',	'2017-01-27 21:02:34'),
(627,	148,	1,	'ПупаньНадіяАнатоліївна',	'2017-01-27 21:02:34',	'2017-01-27 21:02:34'),
(628,	148,	2,	'(0522) 55-75-72',	'2017-01-27 21:02:34',	'2017-01-27 21:02:34'),
(629,	149,	1,	'БалуглановаТетянаЛеонідівна',	'2017-01-27 21:02:34',	'2017-01-27 21:02:34'),
(630,	149,	2,	'(0522) 55-78-57',	'2017-01-27 21:02:34',	'2017-01-27 21:02:34'),
(631,	150,	1,	'КордонецьСвітланаІванівна',	'2017-01-27 21:02:34',	'2017-01-27 21:02:34'),
(632,	150,	2,	'(0522) 56-79-86',	'2017-01-27 21:02:34',	'2017-01-27 21:02:34'),
(633,	151,	1,	'МатієшинОлександрМиколайович',	'2017-01-27 21:02:35',	'2017-01-27 21:02:35'),
(634,	151,	2,	'(0522) 30-25-75',	'2017-01-27 21:02:35',	'2017-01-27 21:02:35'),
(637,	153,	1,	'Васецька СвітланаЛеонідівна',	'2017-01-27 21:02:35',	'2017-09-18 06:06:58'),
(638,	153,	2,	'(0522) 27-10-75',	'2017-01-27 21:02:35',	'2017-01-27 21:02:35'),
(639,	154,	1,	'АмбарнаОленаМиколаївна',	'2017-01-27 21:02:35',	'2017-01-27 21:02:35'),
(640,	154,	2,	'(0522) 33-20-50',	'2017-01-27 21:02:35',	'2017-01-27 21:02:35'),
(641,	155,	1,	'АмбарнаОленаМиколаївна',	'2017-01-27 21:02:35',	'2017-01-27 21:02:35'),
(642,	155,	2,	'(0522) 33-20-50',	'2017-01-27 21:02:35',	'2017-01-27 21:02:35'),
(643,	156,	1,	'Ковтонюк Андрій Анатолійович',	'2017-01-27 21:02:35',	'2017-01-27 21:32:39'),
(649,	159,	1,	'Рибак Інна Олександрівна',	'2017-01-27 21:02:35',	'2017-01-27 21:31:12'),
(651,	160,	1,	'Колесник Микола Прокопович',	'2017-01-27 21:02:35',	'2017-01-27 21:02:35'),
(652,	160,	2,	'(0522) 22-29-10',	'2017-01-27 21:02:35',	'2017-01-27 21:02:35'),
(653,	161,	1,	'Яровий Володимир Артемович',	'2017-01-27 21:02:35',	'2017-09-18 06:05:29'),
(654,	161,	2,	'(0522) 56-57-96',	'2017-01-27 21:02:35',	'2017-01-27 21:02:35'),
(655,	162,	1,	'Стіхарний Олег Петрович',	'2017-01-27 21:02:36',	'2017-01-27 21:02:36'),
(656,	162,	2,	'(0522) 24-94-84',	'2017-01-27 21:02:36',	'2017-01-27 21:02:36'),
(657,	163,	1,	'СорокінОлександрВолодимирович',	'2017-01-27 21:02:36',	'2017-01-27 21:02:36'),
(658,	163,	2,	'(0522) 34-57-70',	'2017-01-27 21:02:36',	'2017-01-27 21:02:36'),
(659,	164,	1,	'Заремба Галина Анатоліївна',	'2017-01-27 21:02:36',	'2017-01-27 21:02:36'),
(661,	165,	1,	'Капко Володимир Семенович',	'2017-01-27 21:02:36',	'2017-01-27 21:30:28'),
(663,	166,	1,	'Суліма Катерина Павлівна',	'2017-01-27 21:02:36',	'2017-01-27 21:02:36'),
(665,	167,	1,	'Артюх Олександр Іванович',	'2017-01-27 21:02:36',	'2017-01-27 21:29:32'),
(666,	167,	2,	'(0522) 24-44-66',	'2017-01-27 21:02:36',	'2017-01-27 21:02:36'),
(667,	168,	1,	'Артюх Олександр Іванович',	'2017-01-27 21:02:36',	'2017-01-27 21:28:31'),
(668,	168,	2,	'(0522) 24-44-66',	'2017-01-27 21:02:36',	'2017-01-27 21:02:36'),
(669,	169,	1,	'Кабанчук Оксана Олександрівна',	'2017-01-27 21:02:36',	'2017-01-27 21:02:36'),
(670,	169,	2,	'(0522) 33-20-55',	'2017-01-27 21:02:36',	'2017-01-27 21:02:36'),
(671,	170,	1,	'Голіков Валерій Михайлович',	'2017-01-27 21:02:36',	'2017-01-27 21:27:35'),
(672,	170,	2,	'(0522) 22-94-97',	'2017-01-27 21:02:36',	'2017-01-27 21:02:36'),
(673,	171,	1,	'Макєєнко Микола Григорович',	'2017-01-27 21:02:36',	'2017-01-27 21:27:18'),
(674,	171,	2,	'(0522) 24-75-84',	'2017-01-27 21:02:36',	'2017-01-27 21:02:36'),
(675,	172,	1,	'Клюєнко Оксана Анатоліївна',	'2017-01-27 21:02:36',	'2017-01-27 21:02:36'),
(676,	172,	2,	'(0522) 55-71-71',	'2017-01-27 21:02:36',	'2017-01-27 21:02:36'),
(677,	173,	1,	'Скороход Валерій Семенович',	'2017-01-27 21:02:36',	'2017-01-27 21:02:36'),
(678,	173,	2,	'(0522) 34-11-12',	'2017-01-27 21:02:37',	'2017-01-27 21:02:37'),
(691,	180,	2,	'(093) 043-43-99\n0-800-505-911 (круглосуточно)',	'2017-03-20 09:01:24',	'2017-03-20 09:01:24'),
(692,	180,	4,	'http://apteka911.com.ua',	'2017-03-20 09:01:24',	'2017-03-20 09:01:24'),
(693,	181,	2,	'(0522) 36-11-27',	'2017-03-20 09:01:24',	'2017-03-20 09:01:24'),
(694,	182,	2,	'(0522) 24-07-39',	'2017-03-20 09:01:24',	'2017-03-20 09:01:24'),
(695,	183,	2,	'(0522) 24-55-29',	'2017-03-20 09:01:25',	'2017-03-20 09:01:25'),
(696,	184,	2,	'(0522) 56-91-48',	'2017-03-20 09:01:25',	'2017-03-20 09:01:25'),
(697,	185,	2,	'(0522) 59-43-76',	'2017-03-20 09:01:25',	'2017-03-20 09:01:25'),
(698,	186,	2,	'(0522) 34-49-83',	'2017-03-20 09:01:25',	'2017-03-20 09:01:25'),
(699,	187,	2,	'(0522) 24-24-72',	'2017-03-20 09:01:25',	'2017-03-20 09:01:25'),
(700,	188,	2,	'(0522) 56-33-08',	'2017-03-20 09:01:25',	'2017-03-20 09:01:25'),
(701,	189,	2,	'(0522) 55-97-62',	'2017-03-20 09:01:25',	'2017-03-20 09:01:25'),
(702,	190,	2,	'(0522) 24-97-90',	'2017-03-20 09:01:25',	'2017-03-20 09:01:25'),
(703,	191,	2,	'(0522) 55-10-28',	'2017-03-20 09:01:25',	'2017-03-20 09:01:25'),
(704,	192,	2,	'(0522) 27-44-04',	'2017-03-20 09:01:26',	'2017-03-20 09:01:26'),
(705,	193,	2,	'(0522) 59-40-00',	'2017-03-20 09:01:26',	'2017-03-20 09:01:26'),
(706,	194,	2,	'(0522) 55-51-60',	'2017-03-20 09:01:26',	'2017-03-20 09:01:26'),
(707,	195,	2,	'(0522) 55-51-60',	'2017-03-20 09:01:26',	'2017-03-20 09:01:26'),
(708,	196,	2,	'(0522) 22-37-71',	'2017-03-20 09:01:26',	'2017-03-20 09:01:26'),
(709,	197,	2,	'(0522) 24-33-01',	'2017-03-20 09:01:26',	'2017-03-20 09:01:26'),
(710,	198,	2,	'(0522) 55-91-79',	'2017-03-20 09:01:26',	'2017-03-20 09:01:26'),
(711,	199,	2,	'(0522) 27-43-25',	'2017-03-20 09:01:26',	'2017-03-20 09:01:26'),
(712,	200,	2,	'(0522) 24-05-12',	'2017-03-20 09:01:26',	'2017-03-20 09:01:26'),
(713,	201,	2,	'(0522) 56-14-30',	'2017-03-20 09:01:27',	'2017-03-20 09:01:27'),
(714,	202,	2,	'(0522) 55-30-94',	'2017-03-20 09:01:27',	'2017-03-20 09:01:27'),
(715,	203,	2,	'(0522) 22-24-48',	'2017-03-20 09:01:27',	'2017-03-20 09:01:27'),
(716,	204,	2,	'(0522) 22-66-12',	'2017-03-20 09:01:27',	'2017-03-20 09:01:27'),
(717,	205,	2,	'(0522) 27-13-41',	'2017-03-20 09:01:27',	'2017-03-20 09:01:27'),
(718,	206,	2,	'(0522) 24-95-90',	'2017-03-20 09:01:27',	'2017-03-20 09:01:27'),
(719,	207,	2,	'(0522) 27-03-42',	'2017-03-20 09:01:27',	'2017-03-20 09:01:27'),
(720,	208,	2,	'(0522) 22-67-14',	'2017-03-20 09:01:27',	'2017-03-20 09:01:27'),
(721,	209,	2,	'(0522) 22-69-06',	'2017-03-20 09:01:27',	'2017-03-20 09:01:27'),
(722,	210,	2,	'(0522) 23-14-34',	'2017-03-20 09:01:27',	'2017-03-20 09:01:27'),
(723,	211,	2,	'(0522) 22-76-58',	'2017-03-20 09:01:27',	'2017-03-20 09:01:27'),
(724,	212,	2,	'(0522) 55-72-78',	'2017-03-20 09:01:28',	'2017-03-20 09:01:28'),
(725,	213,	2,	'(0522) 24-18-14',	'2017-03-20 09:01:28',	'2017-03-20 09:01:28'),
(726,	214,	2,	'(0522) 22-58-04',	'2017-03-20 09:01:28',	'2017-03-20 09:01:28'),
(727,	215,	2,	'(0522) 32-05-54',	'2017-03-20 09:01:28',	'2017-03-20 09:01:28'),
(728,	216,	2,	'(0522) 22-63-11',	'2017-03-20 09:01:28',	'2017-03-20 09:01:28'),
(729,	216,	4,	'http://acinus.org',	'2017-03-20 09:01:28',	'2017-03-20 09:01:28'),
(730,	217,	2,	'(0522) 22-39-26',	'2017-03-20 09:01:28',	'2017-03-20 09:01:28'),
(731,	218,	2,	'(0522) 23-64-25',	'2017-03-20 09:01:28',	'2017-03-20 09:01:28'),
(732,	219,	2,	'(0522) 22-94-83',	'2017-03-20 09:01:28',	'2017-03-20 09:01:28'),
(733,	220,	2,	'(0522) 33-00-33',	'2017-03-20 09:01:28',	'2017-03-20 09:01:28'),
(734,	221,	2,	'(0522) 55-85-98',	'2017-03-20 09:01:28',	'2017-03-20 09:01:28'),
(735,	222,	2,	'(0522) 22-35-40',	'2017-03-20 09:01:29',	'2017-03-20 09:01:29'),
(736,	223,	2,	'(0522) 24-97-03',	'2017-03-20 09:01:29',	'2017-03-20 09:01:29'),
(737,	224,	2,	'(0522) 24-27-77',	'2017-03-20 09:01:29',	'2017-03-20 09:01:29'),
(738,	225,	2,	'(0522) 55-50-81',	'2017-03-20 09:01:29',	'2017-03-20 09:01:29'),
(739,	226,	2,	'(0522) 27-42-68',	'2017-03-20 09:01:29',	'2017-03-20 09:01:29'),
(740,	227,	2,	'(0522) 27-13-62',	'2017-03-20 09:01:29',	'2017-03-20 09:01:29'),
(741,	228,	2,	'(099) 980-04-10, (093) 548-73-19, (067) 403-22-60',	'2017-03-20 09:01:29',	'2017-03-20 09:01:29'),
(742,	228,	4,	'http://planetrav.com.ua',	'2017-03-20 09:01:29',	'2017-03-20 09:01:29'),
(743,	229,	2,	'(0522) 56-91-22',	'2017-03-20 09:01:29',	'2017-03-20 09:01:29'),
(744,	230,	2,	'(0522) 55-30-73',	'2017-03-20 09:01:29',	'2017-03-20 09:01:29'),
(745,	231,	2,	'(0522) 36-60-03',	'2017-03-20 09:01:29',	'2017-03-20 09:01:29'),
(746,	232,	2,	'(0522) 24-87-11',	'2017-03-20 09:01:30',	'2017-03-20 09:01:30'),
(747,	233,	2,	'(0522) 33-34-96',	'2017-03-20 09:01:30',	'2017-03-20 09:01:30'),
(748,	234,	2,	'(0522) 35-86-59',	'2017-03-20 09:01:30',	'2017-03-20 09:01:30'),
(749,	235,	2,	'(0522) 23-01-82',	'2017-03-20 09:01:30',	'2017-03-20 09:01:30'),
(750,	237,	2,	'(0522) 32-13-14',	'2017-03-20 09:01:30',	'2017-03-20 09:01:30'),
(751,	238,	2,	'(099) 213-0537',	'2017-03-20 09:01:30',	'2017-03-20 09:01:30'),
(752,	238,	4,	'http://shynok.com',	'2017-03-20 09:01:30',	'2017-03-20 09:01:30'),
(753,	239,	2,	'066-585-6730 ',	'2017-03-20 09:01:30',	'2017-03-20 09:01:30'),
(754,	240,	2,	'(0522) 55-59-58, (050) 171-73-16',	'2017-03-20 09:01:30',	'2017-03-20 09:01:30'),
(755,	241,	2,	'(0522) 22-04-26',	'2017-03-20 09:01:30',	'2017-03-20 09:01:30'),
(756,	242,	2,	'050-341-20-49, 099-000-6466 , 050-591-70-49, 066-119-48-14',	'2017-03-20 09:01:31',	'2017-03-20 09:01:31'),
(757,	243,	2,	'(0522) 37-20-37',	'2017-03-20 09:01:31',	'2017-03-20 09:01:31'),
(758,	244,	2,	'(099) 481-03-20, (0522) 27-63-60',	'2017-03-20 09:01:31',	'2017-03-20 09:01:31'),
(759,	245,	2,	'(0522) 27-23-80, 347-34-76, 724-03-99',	'2017-03-20 09:01:31',	'2017-03-20 09:01:31'),
(760,	246,	2,	'(0522) 27-64-70, (066) 732-10-47 ',	'2017-03-20 09:01:31',	'2017-03-20 09:01:31'),
(761,	247,	2,	'050-540-54-83, 097-961-28-52',	'2017-03-20 09:01:31',	'2017-03-20 09:01:31'),
(762,	248,	2,	'(095) 444-51-91',	'2017-03-20 09:01:31',	'2017-03-20 09:01:31'),
(763,	249,	2,	'(095) 517-93-57, 050 961 7092',	'2017-03-20 09:01:31',	'2017-03-20 09:01:31'),
(764,	251,	2,	'0667771375, 0522-32-28-77',	'2017-03-20 09:01:31',	'2017-03-20 09:01:31'),
(765,	253,	2,	'050-488-86-86',	'2017-03-20 09:01:32',	'2017-03-20 09:01:32'),
(766,	254,	2,	'(097) 909-68-03, (0522) 36-10-98',	'2017-03-20 09:01:32',	'2017-03-20 09:01:32'),
(767,	255,	2,	'(095) 511-32-59',	'2017-03-20 09:01:32',	'2017-03-20 09:01:32'),
(768,	257,	2,	'(0522) 24-84-03, 94-55-150',	'2017-03-20 09:01:32',	'2017-03-20 09:01:32'),
(769,	258,	2,	'066-213-94-94',	'2017-03-20 09:01:32',	'2017-03-20 09:01:32'),
(770,	259,	2,	'(0522) 27-30-30, (094) 938-50-30',	'2017-03-20 09:01:32',	'2017-03-20 09:01:32'),
(771,	260,	2,	'099 688 27 11',	'2017-03-20 09:01:32',	'2017-03-20 09:01:32'),
(772,	262,	2,	'(0522) 22-05-39 ',	'2017-03-20 09:01:32',	'2017-03-20 09:01:32'),
(773,	273,	2,	'(0522)354082 ',	'2017-03-20 09:01:33',	'2017-03-20 09:01:33'),
(774,	274,	2,	'(0522)567364',	'2017-03-20 09:01:33',	'2017-03-20 09:01:33'),
(775,	275,	2,	'(0522)330999',	'2017-03-20 09:01:33',	'2017-03-20 09:01:33'),
(776,	276,	2,	'(0522)243603',	'2017-03-20 09:01:33',	'2017-03-20 09:01:33'),
(777,	277,	2,	'(0522)240269 ',	'2017-03-20 09:01:33',	'2017-03-20 09:01:33'),
(778,	279,	2,	'(0522)301064',	'2017-03-20 09:01:33',	'2017-03-20 09:01:33'),
(779,	280,	2,	'Телефон довідкова: (0522) 39-22-51Черговий помічник начальника вокзалу: (0522) 39-22-52Сервісний центр: (0522) 39-21-53Каса: (0522) 39-22-53',	'2017-03-20 09:01:33',	'2017-09-22 06:05:26'),
(780,	281,	2,	'Телефон (довідкова): (0522) 37-40-79 Бронювання та заказ білетів : 32-14-49',	'2017-03-20 09:01:34',	'2017-09-24 07:54:12'),
(781,	282,	2,	'(0522)373236',	'2017-03-20 09:01:34',	'2017-03-20 09:01:34'),
(782,	283,	2,	'(0522) 22 35 97',	'2017-03-20 09:01:34',	'2017-03-20 09:01:34'),
(783,	283,	4,	'www.kokm.kr.ua',	'2017-03-20 09:01:34',	'2017-03-20 09:01:34'),
(784,	284,	2,	'(0522) 24 98 37',	'2017-03-20 09:01:34',	'2017-03-20 09:01:34'),
(785,	284,	4,	'artmuzeum.kr.ua',	'2017-03-20 09:01:34',	'2017-03-20 09:01:34'),
(786,	285,	2,	'(0522) 22 46 95',	'2017-03-20 09:01:34',	'2017-03-20 09:01:34'),
(787,	285,	4,	'www.osmerkinmuseum.kr.ua',	'2017-03-20 09:01:34',	'2017-03-20 09:01:34'),
(788,	286,	2,	'050 207 27 00',	'2017-03-20 09:01:34',	'2017-03-20 09:01:34'),
(789,	286,	4,	'www.elisavetart.com',	'2017-03-20 09:01:34',	'2017-03-20 09:01:34'),
(790,	287,	2,	'(0522) 22 14 79',	'2017-03-20 09:01:34',	'2017-03-20 09:01:34'),
(791,	288,	2,	'(0522) 37 32 91',	'2017-03-20 09:01:34',	'2017-03-20 09:01:34'),
(792,	289,	2,	'(0522) 24 62 51',	'2017-03-20 09:01:34',	'2017-03-20 09:01:34'),
(793,	290,	2,	'(0522) 22 09 88',	'2017-03-20 09:01:35',	'2017-03-20 09:01:35'),
(794,	291,	2,	'(0522) 22 47 11',	'2017-03-20 09:01:35',	'2017-03-20 09:01:35'),
(795,	292,	2,	'(0522) 24 14 22',	'2017-03-20 09:01:35',	'2017-03-20 09:01:35'),
(796,	292,	4,	'teatr-koryfeiv.com.ua',	'2017-03-20 09:01:35',	'2017-03-20 09:01:35'),
(797,	293,	2,	' (0522) 24 12 03',	'2017-03-20 09:01:35',	'2017-03-20 09:01:35'),
(798,	293,	4,	'www.filarm.kr.ua',	'2017-03-20 09:01:35',	'2017-03-20 09:01:35'),
(799,	294,	2,	'(0522) 24 28 94',	'2017-03-20 09:01:35',	'2017-03-20 09:01:35'),
(800,	295,	2,	'(0522)226579',	'2017-03-20 09:01:35',	'2017-03-20 09:01:35'),
(801,	295,	4,	'library.kr.ua',	'2017-03-20 09:01:35',	'2017-03-20 09:01:35'),
(802,	296,	2,	'(0522)22-45-85, 22-55-24',	'2017-03-20 09:01:35',	'2017-03-20 09:01:35'),
(803,	296,	4,	'librarychl.kr.ua',	'2017-03-20 09:01:35',	'2017-03-20 09:01:35'),
(804,	297,	2,	'(052)22-74-45, (052)22-77-93',	'2017-03-20 09:01:36',	'2017-03-20 09:01:36'),
(805,	297,	4,	'lib.kr.ua',	'2017-03-20 09:01:36',	'2017-03-20 09:01:36'),
(806,	133,	2,	'0522 24 14 04',	'2017-03-31 11:15:16',	'2017-03-31 11:15:16'),
(807,	133,	3,	'kzcpmsd1@krmr.gov.ua',	'2017-03-31 11:15:16',	'2017-03-31 11:15:16'),
(808,	298,	1,	'Митрополит Кіровоградський та Новомиргородський Іоасаф',	'2017-08-24 19:27:10',	'2017-08-24 19:27:10'),
(809,	298,	2,	'(0522) 24-33-34',	'2017-08-24 19:27:10',	'2017-08-24 19:27:10'),
(810,	299,	1,	'ключар - отець Андрій',	'2017-08-24 19:33:36',	'2017-08-25 04:36:23'),
(811,	299,	2,	'отець Петро - 050-487-5352',	'2017-08-24 19:33:36',	'2017-08-25 04:36:23'),
(812,	319,	2,	'094-938-43-92',	'2017-08-24 19:48:35',	'2017-08-25 04:22:42'),
(813,	301,	2,	'(0522) 27-95-06',	'2017-08-26 13:31:18',	'2017-08-26 13:31:18'),
(814,	323,	1,	'В. О.. Настоятеля храму - протоієрей Євгеній Назаренко',	'2017-08-30 08:59:21',	'2017-08-30 08:59:21'),
(815,	322,	1,	'Намісник Архімандрит Мануїл (Задніпряний)',	'2017-08-30 09:19:43',	'2017-08-30 09:19:43'),
(816,	300,	1,	'Настоятель - архімандрит Данило (Токарев).',	'2017-08-30 09:31:18',	'2017-08-30 09:31:18'),
(817,	324,	4,	'https://privatbank.ua/',	'2017-09-04 11:15:10',	'2017-09-04 11:15:10'),
(818,	325,	2,	' +38(050)487-00-70, +38(097)770-22-07 ',	'2017-09-04 11:38:47',	'2017-09-04 11:38:47'),
(819,	325,	3,	'kirovograd_office@poehalisnami.com',	'2017-09-04 11:38:47',	'2017-09-04 11:38:47'),
(820,	325,	4,	'https://www.poehalisnami.ua/',	'2017-09-04 11:38:47',	'2017-09-04 11:38:47'),
(821,	326,	2,	'0800 301 707',	'2017-09-04 12:14:32',	'2017-09-04 12:14:32'),
(822,	327,	2,	'0800 500 415',	'2017-09-04 12:19:50',	'2017-09-04 12:19:50'),
(823,	327,	4,	'http://www.atbmarket.com',	'2017-09-04 12:19:50',	'2017-09-04 12:19:50'),
(824,	328,	2,	'(0522) 35-68-22, (0522) 35-68-21',	'2017-09-04 12:33:19',	'2017-09-04 12:33:19'),
(825,	328,	4,	'http://kiroe.com.ua/',	'2017-09-04 12:33:19',	'2017-09-04 12:33:19'),
(826,	330,	4,	'https://privatbank.ua/',	'2017-09-06 15:58:04',	'2017-09-06 15:58:04'),
(827,	333,	2,	'3700',	'2017-09-07 13:10:29',	'2017-09-07 13:10:29'),
(828,	324,	2,	'3700',	'2017-09-07 13:16:21',	'2017-09-07 13:16:21'),
(829,	330,	2,	'3700',	'2017-09-07 13:16:47',	'2017-09-07 13:16:47'),
(830,	331,	2,	'3700',	'2017-09-07 13:17:22',	'2017-09-07 13:17:22'),
(831,	331,	4,	'https://privatbank.ua/',	'2017-09-07 13:17:22',	'2017-09-07 13:17:22'),
(832,	332,	2,	'3700',	'2017-09-07 13:18:01',	'2017-09-07 13:18:01'),
(833,	332,	4,	'https://privatbank.ua/',	'2017-09-07 13:18:01',	'2017-09-07 13:18:01'),
(834,	333,	4,	'https://privatbank.ua/',	'2017-09-07 13:20:43',	'2017-09-07 13:20:43'),
(835,	334,	2,	'(0522) 35-65-12',	'2017-09-07 14:21:23',	'2017-09-07 14:21:23'),
(836,	334,	4,	'https://ukrsibbank.com/',	'2017-09-07 14:22:31',	'2017-09-07 14:22:31'),
(837,	335,	2,	'3700',	'2017-09-08 15:21:23',	'2017-09-08 15:21:23'),
(838,	335,	4,	'https://privatbank.ua/ ',	'2017-09-08 15:21:23',	'2017-09-08 15:21:23');

DROP TABLE IF EXISTS `parameter_titles`;
CREATE TABLE `parameter_titles` (
  `id` int(10) unsigned NOT NULL AUTO_INCREMENT,
  `name` varchar(255) COLLATE utf8_unicode_ci DEFAULT NULL,
  `comment` varchar(255) COLLATE utf8_unicode_ci DEFAULT NULL,
  `created_at` timestamp NULL DEFAULT NULL,
  `updated_at` timestamp NULL DEFAULT NULL,
  `parameter_type_id` int(10) unsigned DEFAULT NULL,
  PRIMARY KEY (`id`),
  KEY `parameter_titles_parameter_type_id_foreign` (`parameter_type_id`),
  CONSTRAINT `parameter_titles_parameter_type_id_foreign` FOREIGN KEY (`parameter_type_id`) REFERENCES `parameter_types` (`id`) ON DELETE SET NULL ON UPDATE CASCADE
) ENGINE=InnoDB DEFAULT CHARSET=utf8 COLLATE=utf8_unicode_ci;

INSERT INTO `parameter_titles` (`id`, `name`, `comment`, `created_at`, `updated_at`, `parameter_type_id`) VALUES
(1,	'Керівник',	'Керівник огрганізації',	'2016-12-26 07:36:04',	'2017-03-02 05:19:43',	1),
(2,	'Телефон',	'Номер телефна організації',	'2016-12-26 07:36:35',	'2017-03-02 05:19:47',	2),
(3,	'E-mail',	'Адреса електронної пошти організації',	'2016-12-26 07:37:19',	'2017-03-02 05:19:52',	3),
(4,	'Сайт',	'Адреса сайту організації',	'2016-12-26 07:37:48',	'2017-03-02 05:19:56',	4);

DROP TABLE IF EXISTS `parameter_type`;
CREATE TABLE `parameter_type` (
  `id` int(10) unsigned NOT NULL AUTO_INCREMENT,
  `name` varchar(255) COLLATE utf8_unicode_ci DEFAULT NULL,
  `icon` varchar(255) COLLATE utf8_unicode_ci DEFAULT NULL,
  `created_at` timestamp NULL DEFAULT NULL,
  `updated_at` timestamp NULL DEFAULT NULL,
  PRIMARY KEY (`id`)
) ENGINE=InnoDB DEFAULT CHARSET=utf8 COLLATE=utf8_unicode_ci;


DROP TABLE IF EXISTS `parameter_types`;
CREATE TABLE `parameter_types` (
  `id` int(10) unsigned NOT NULL AUTO_INCREMENT,
  `name` varchar(255) COLLATE utf8_unicode_ci DEFAULT NULL,
  `icon` varchar(255) COLLATE utf8_unicode_ci DEFAULT NULL,
  `created_at` timestamp NULL DEFAULT NULL,
  `updated_at` timestamp NULL DEFAULT NULL,
  PRIMARY KEY (`id`)
) ENGINE=InnoDB DEFAULT CHARSET=utf8 COLLATE=utf8_unicode_ci;

INSERT INTO `parameter_types` (`id`, `name`, `icon`, `created_at`, `updated_at`) VALUES
(1,	'person',	'/img/icons/head.png',	NULL,	NULL),
(2,	'phone',	'/img/icons/phone.png',	NULL,	NULL),
(3,	'email',	'/img/icons/email.png',	NULL,	NULL),
(4,	'www',	'/img/icons/website.png',	NULL,	NULL),
(5,	'text',	'/img/icons/text.png',	NULL,	NULL);

DROP TABLE IF EXISTS `password_resets`;
CREATE TABLE `password_resets` (
  `email` varchar(255) COLLATE utf8_unicode_ci NOT NULL,
  `token` varchar(255) COLLATE utf8_unicode_ci NOT NULL,
  `created_at` timestamp NULL DEFAULT NULL,
  KEY `password_resets_email_index` (`email`),
  KEY `password_resets_token_index` (`token`)
) ENGINE=InnoDB DEFAULT CHARSET=utf8 COLLATE=utf8_unicode_ci;

INSERT INTO `password_resets` (`email`, `token`, `created_at`) VALUES
('admin@admin.com',	'7c6fae7ee25e23ccce8867cb2b16834e893a7a44118912677df30035d545c421',	'2017-04-25 04:21:38');

DROP TABLE IF EXISTS `permissions`;
CREATE TABLE `permissions` (
  `id` int(10) unsigned NOT NULL AUTO_INCREMENT,
  `name` varchar(255) COLLATE utf8_unicode_ci NOT NULL,
  `display_name` varchar(255) COLLATE utf8_unicode_ci DEFAULT NULL,
  `description` varchar(255) COLLATE utf8_unicode_ci DEFAULT NULL,
  `created_at` timestamp NULL DEFAULT NULL,
  `updated_at` timestamp NULL DEFAULT NULL,
  PRIMARY KEY (`id`),
  UNIQUE KEY `permissions_name_unique` (`name`)
) ENGINE=InnoDB DEFAULT CHARSET=utf8 COLLATE=utf8_unicode_ci;


DROP TABLE IF EXISTS `permission_role`;
CREATE TABLE `permission_role` (
  `permission_id` int(10) unsigned NOT NULL,
  `role_id` int(10) unsigned NOT NULL,
  PRIMARY KEY (`permission_id`,`role_id`),
  KEY `permission_role_role_id_foreign` (`role_id`),
  CONSTRAINT `permission_role_permission_id_foreign` FOREIGN KEY (`permission_id`) REFERENCES `permissions` (`id`) ON DELETE CASCADE ON UPDATE CASCADE,
  CONSTRAINT `permission_role_role_id_foreign` FOREIGN KEY (`role_id`) REFERENCES `roles` (`id`) ON DELETE CASCADE ON UPDATE CASCADE
) ENGINE=InnoDB DEFAULT CHARSET=utf8 COLLATE=utf8_unicode_ci;


DROP TABLE IF EXISTS `places`;
CREATE TABLE `places` (
  `id` int(10) unsigned NOT NULL AUTO_INCREMENT,
  `name` varchar(500) COLLATE utf8_unicode_ci DEFAULT NULL,
  `address_id` int(10) unsigned DEFAULT NULL,
  `category_id` int(10) unsigned DEFAULT NULL,
  `comment` varchar(255) COLLATE utf8_unicode_ci DEFAULT NULL,
  `created_at` timestamp NULL DEFAULT NULL,
  `updated_at` timestamp NULL DEFAULT NULL,
  `city` varchar(255) COLLATE utf8_unicode_ci DEFAULT NULL,
  `street` varchar(255) COLLATE utf8_unicode_ci DEFAULT NULL,
  `number` varchar(255) COLLATE utf8_unicode_ci DEFAULT NULL,
  `geo_place_id` varchar(255) COLLATE utf8_unicode_ci DEFAULT NULL,
  `map_lat` decimal(18,14) DEFAULT NULL,
  `map_lng` decimal(18,14) DEFAULT NULL,
  `comment_adr` varchar(255) COLLATE utf8_unicode_ci DEFAULT NULL,
  `short_name` varchar(255) COLLATE utf8_unicode_ci DEFAULT NULL,
  PRIMARY KEY (`id`),
  KEY `places_category_id_foreign` (`category_id`),
  CONSTRAINT `places_category_id_foreign` FOREIGN KEY (`category_id`) REFERENCES `categories` (`id`) ON DELETE SET NULL ON UPDATE CASCADE
) ENGINE=InnoDB DEFAULT CHARSET=utf8 COLLATE=utf8_unicode_ci;

INSERT INTO `places` (`id`, `name`, `address_id`, `category_id`, `comment`, `created_at`, `updated_at`, `city`, `street`, `number`, `geo_place_id`, `map_lat`, `map_lng`, `comment_adr`, `short_name`) VALUES
(1,	'Комунальний заклад \"Навчально-виховне об\'днання \"Загальноосвітній навчальний заклад І-ІІІ ступенів І-ІІІ ступенів № 1 - дитячий юнацький центр \"Перлинка\" Кіровоградської міської ради Кіровоградської області\"',	1,	1,	'',	'2016-12-20 05:01:08',	'2017-03-16 12:42:17',	'Кропивницький',	'Таврійська',	'29/32',	'11c3ba67dd931f58b7d1b0a9b19e0981e22633c8',	48.49430450000000,	32.28595900000000,	'Таврійська вулиця, 29/32, Кропивницький, Кіровоградська область, Україна',	'Дитячий юнацький центр №1 \"Перлинка\" '),
(2,	'Загальноосвітня школа І-ІІІ ступенів № 2 Кіровоградської міської ради Кіровоградської області',	2,	1,	'',	'2016-12-20 05:01:08',	'2017-03-16 12:42:40',	'Кропивницький',	'Новгородська',	'41',	'6d6a90322ea23378dfc373f4c4182cc238b7d684',	48.50274190000000,	32.29046000000000,	'Новгородська вулиця, 41, Кропивницький, Кіровоградська область, Україна',	'ЗОШ №2'),
(3,	'Комунальний заклад \"Загальноосвітня школа І-ІІІ ступенів № 3 Кіровоградської міської ради Кіровоградської області імені Олени Журливої\"',	3,	1,	'',	'2016-12-20 05:01:09',	'2017-03-16 12:45:17',	'Кропивницький',	'Авіаційна',	'64',	'bf80974b96a3bfcd1e9d13b44dafc2ffd630cb3b',	48.53033199999999,	32.26414100000000,	'Авіаційна вулиця, 64, Кропивницький, Кіровоградська область, Україна',	'ЗОШ №3 ім. Олени Журливої'),
(4,	'Загальноосвітня школа І-ІІІ ступенів № 4 Кіровоградської міської ради Кіровоградської області',	4,	1,	'',	'2016-12-20 05:01:09',	'2017-03-16 12:45:32',	'Кропивницький',	'Шульгіних',	'38',	'507dd27082b86e03ddf92b2353da67cce8424192',	48.50886690000001,	32.25803150000000,	'вулиця Шульгиних, 38, Кропивницький, Кіровоградська область, Україна',	'ЗОШ №4'),
(5,	'Комунальний заклад \"Навчально-виховне об\'єднання - \"Спеціалізований загальноосвітній навчальний заклад школа І ступенів \"Гармонія\" - гімназія імені Тараса Шевченка - центр позашкільного виховання \"Контакт\" Кіровоградської міської ради Кіровоградської області',	5,	1,	'',	'2016-12-20 05:01:09',	'2017-03-16 13:05:09',	'Кропивницький',	'В\"ячеслава Чорновола',	'15',	'2815e3460adf1d27af0af9151dac501be63093af',	48.51310299999999,	32.26771700000000,	'вулиця В\'ячеслава Чорновола, 15, Кропивницький, Кіровоградська область, Україна',	'НВО \"Гармонія\" - гімназія ім. Тараса Шевченка'),
(6,	'Комунальний заклад \"Навчально-виховне об\'єднання № 6 \"Спеціалізована загальноосвітня школа І-ІІІ ступенів, центр естетичного виховання \"Натхнення\" Кіровоградської міської ради Кіровоградської області\"',	6,	1,	'',	'2016-12-20 05:01:09',	'2017-03-16 12:49:01',	'Кропивницький',	'Велика Перспективна',	'39/63',	'6a9e582feced9413048dadc5c95ada5eb891cc00',	48.50902410000000,	32.26643309999999,	'вулиця Велика Перспективна, 39/63, Кропивницький, Кіровоградська область, Україна',	'ЗОШ №6 \"Натхнення\"'),
(7,	'Загальноосвітня школа І-ІІІ ступенів № 7 ім. О.Пушкіна Кіровоградської міської ради Кіровоградської області',	7,	1,	'',	'2016-12-20 05:01:09',	'2017-03-16 12:49:34',	'Кропивницький',	'Г.Шумілова',	'30',	'20645bfad55b12dfd9027088904444dcb6fb98cb',	48.49436099999999,	32.26711610000000,	'вулиця Генерала Шумілова, 30, Кропивницький, Кіровоградська область, Україна',	'ЗОШ № 7 ім. О.Пушкіна'),
(8,	'Комунальний заклад \"Навчально-виховне об\'єднання природничо-економіко-правовий ліцей-спеціалізована школа І-ІІІ ступенів № 8 - позашкільний центр\" Кіровоградської міської ради Кіровоградської області\"',	8,	1,	'',	'2016-12-20 05:01:09',	'2017-03-16 13:05:50',	'Кропивницький',	'Бєляєва',	'1',	'6b12e4d368a1ec9ea3e937543b9384539df8b14f',	48.51271200000000,	32.22672010000000,	'вулиця Бєляєва, 1, Кропивницький, Кіровоградська область, Україна',	'ЗОШ №8 '),
(9,	'Гімназія № 9 Кіровоградської міської ради Кіровоградської області',	9,	1,	'',	'2016-12-20 05:01:09',	'2017-09-27 17:39:12',	'Кропивницький',	'вулиця Бєляєва',	'21/27',	'ChIJJ9iJkOlC0EARrfL-z1IsdJY',	48.50671699999999,	32.22764549999999,	'вулиця Бєляєва, 21/27, Кропивницький, Кіровоградська область, Украина',	'Гімназія № 9'),
(10,	'Загальноосвітня школа ІІ-ІІІ ступенів № 10 Кіровоградської міської ради Кіровоградської області',	10,	1,	'',	'2016-12-20 05:01:09',	'2017-03-16 12:50:44',	'Кропивницький',	'Металургів',	'33а',	'afaecee761a3a7f3f7b0d59c94e7cb47a9a82181',	48.52922549999999,	32.11871510000000,	'вулиця Металургів, 33А, Кропивницький, Кіровоградська область, Україна',	'ЗОШ № 10'),
(11,	'Навчально-виховний комплекс \"Кіровоградський колегіум-спеціалізований навчальний заклад І-ІІІ ступенів-дошкільний навчальний заклад-центр естетичного виховання\" Кіровоградської міської ради Кіровоградської області',	11,	1,	'',	'2016-12-20 05:01:09',	'2017-03-16 12:51:22',	'Кропивницький',	'вулиця Володарського',	'27',	'ChIJXdPsUalC0EARAbb9bWbtDAs',	48.51049600000000,	32.27345049999997,	'вулиця Володарського, 27, Кропивницький, Кіровоградська область, Украина',	'НВК \"Кіровоградський колегіум\"'),
(12,	'Загальноосвітня школа І-ІІ №12 Кіровоградської міської ради Кіровоградської області',	12,	1,	'',	'2016-12-20 05:01:09',	'2017-03-16 12:51:50',	'Кропивницький',	'вулиця 50-річчя Радяньської Армії',	'9',	'ChIJtft8w1Bo0EAR78o3yTqIivk',	48.47283500000000,	32.30048339999996,	'вулиця 50-річчя Радяньської Армії, 9, Кропивницький, Кіровоградська область, Украина',	'ЗОШ № 12'),
(13,	'Загальноосвітня школа І-ІІІ ступенів №13 Кіровоградської міської ради Кіровоградської області',	13,	1,	'',	'2016-12-20 05:01:09',	'2017-03-16 12:52:13',	'Кропивницький',	'Євгена Тельнова',	'45',	'e511d925c59d27a94c843958ca3ee0db2e9a8976',	48.50384900000000,	32.22231330000000,	'вулиця Євгена Тельнова, 45, Кропивницький, Кіровоградська область, Україна',	'ЗОШ № 13'),
(14,	'Спеціалізована загальноосвітня школа І-ІІІ ступенів №14 Кіровоградської міської ради Кіровоградської області',	14,	1,	'',	'2016-12-20 05:01:09',	'2017-03-16 12:53:28',	'Кропивницький',	'Вокзальна',	'19',	'a63299a4e5c2329cc83459d6234b3c06fc17cf9e',	48.52043300000000,	32.25705310000000,	'вулиця Вокзальна, 19/19, Кропивницький, Кіровоградська область, Україна',	'СЗОШ № 14'),
(15,	'Комунальний заклад \"Навчально-виховне об\'єднання № 15 \"Загальноосвітня школа І-ІІІ ступенів, дошкільний навчальний заклад комбінованого типу, дитячий юнацький центр \"Явір\" Кіровоградської міської ради Кіровоградської області\"',	15,	1,	'',	'2016-12-20 05:01:10',	'2017-03-16 13:06:30',	'Кропивницький',	'Казанська',	'13',	'b93e232a9ccaa9851bdbfcfbb8489f9dabad5dc8',	48.56555540000001,	32.22610660000000,	'вулиця Казанська, 13, Кропивницький, Кіровоградська область, Україна',	'НВО № 15 \"Явір\"'),
(16,	'Комунальний заклад \"Навчально-виховне об\'єднання \"Загальноосвітній навчальний заклад І-ІІІ ступенів №16 - дитячий юнацький центр \"Лідер\" Кіровоградської міської ради Кіровоградської області',	16,	1,	'',	'2016-12-20 05:01:10',	'2017-03-16 13:06:48',	'Кропивницький',	'провулок Фортечний',	'7',	'608b12ed6919e4ea97459c7349c08a933daf2b18',	48.49751000000000,	32.25997690000000,	'вулиця Фортечна, 7, Кропивницький, Кіровоградська область, Україна',	'НВО № 16 \"Лідер\" '),
(17,	'Комунальний заклад \"Навчально-виховне об\'єднання \"Загальноосвітній навчальний заклад І-ІІІ ступенів №17 - центр естетичного виховання \"Калинка\" Кіровоградської міської ради Кіровоградської області',	17,	1,	'',	'2016-12-20 05:01:10',	'2017-03-16 13:07:06',	'Кропивницький',	'Комарова',	'54',	'e97cabd835fed6cd9c8b3d8c1c411fd92b514661',	48.49465150000000,	32.23865440000000,	'вулиця Комарова, 54, Кропивницький, Кіровоградська область, Україна',	'НВО № 17 \"Калинка\"'),
(18,	'Комунальний заклад \"Навчально-виховне об\'єднання \"Багатопрофільний ліцей - фізико-математична школа - загальноосвітня школа І-ІІІ ступенів № 18 - центр дитячої та юнацької юнацької творчості \"Надія\" Кіровоградської міської ради Кіровоградської області\"',	18,	1,	'',	'2016-12-20 05:01:10',	'2017-03-16 13:07:27',	'Кропивницький',	'Юрія Коваленка',	'9а',	'64fc829da861fc793280a95febaf0177b8f00dcd',	48.50013420000001,	32.21217420000000,	'вулиця Юрія Коваленка, 9, Кропивницький, Кіровоградська область, Україна, 25000',	'ЗОШ № 18 \"Надія\"'),
(19,	'Комунальний заклад \"Навчально-виховне об\'єднання \"Загальноосвітня школа І-ІІ ступенів - ліцей № 19 - позашкільний центр Кіровоградської міської ради Кіровоградської області\"',	19,	1,	'',	'2016-12-20 05:01:10',	'2017-03-16 13:07:50',	'Кропивницький',	'Волкова',	'24',	'e2a1b32b145b0d1084db35f8db4ba7fe83846d1e',	48.50111550000000,	32.22215050000000,	'вулиця Волкова, 24, Кропивницький, Кіровоградська область, Україна',	'ЗОШ № 19 '),
(20,	'Комунальний заклад \"Навчально-виховне об\'єднання \"Загальноосвітній навчальний заклад І-ІІІ ступенів №20 - дитячий юнацький центр \"Сузір\'я\" Кіровоградської міської ради Кіровоградської області',	20,	1,	'',	'2016-12-20 05:01:10',	'2017-03-16 13:08:05',	'Кропивницький',	'пр.Перемоги',	'16',	'53204252c0d362a6ad058937e99c674747eb518c',	48.48930700000000,	32.26933609999999,	'вулиця Бобринецький шлях, 16, Кропивницький, Кіровоградська область, Україна',	'ЗНЗ № 20 \"Сузір\'я\" '),
(21,	'Комунальний заклад \"Навчально-виховне об\'єднання \"Загальноосвітній навчальний заклад І-ІІІ ступенів №21 - суспільно-гуманітарний ліцей - дошкільний навчальний заклад Кіровоградської міської ради Кіровоградської області',	21,	1,	'',	'2016-12-20 05:01:10',	'2017-03-16 13:01:36',	'Кропивницький',	'Берегова',	'1',	'd3ffa4bcd86ad4d7a3aa9a8c86047671d8286c56',	48.53643550000000,	32.23544039999999,	'Берегова вулиця, 1, Кропивницький, Кіровоградська область, Україна',	'ЗНЗ № 21'),
(22,	'Загальноосвітня школа І-ІІІ ступенів № 22 Кіровоградської міської ради Кіровоградської області',	22,	1,	'',	'2016-12-20 05:01:10',	'2017-03-16 13:01:54',	'Гірниче',	'Лінія 6',	'30',	'bf0f9bc258bc18098715897e05bbcb98061020c5',	48.47070000000000,	32.28149300000000,	'6-а Лінія, буд. 30, Кропивницький, Кіровоградська область, Україна, 25000',	'ЗОШ № 22'),
(23,	'Загальноосвітня школа І-ІІІ ступенів № 23 Кіровоградської міської ради Кіровоградської області',	23,	1,	'',	'2016-12-20 05:01:10',	'2017-03-16 13:02:10',	'Кропивницький',	'І.Франка',	'18',	'41553369c0873ba38f5eed6d4072e89e376fe1f5',	48.52789850000000,	32.23484150000000,	'вулиця Івана Франка, 18, Кропивницький, Кіровоградська область, Україна',	'ЗОШ № 23'),
(24,	'Комунальний заклад \"Навчально-виховне об\'єднання \"Загальноосвітній навчальний заклад І-ІІІ ступенів №24 - центр дитячої та юнацької творчості \"Оберіг\" Кіровоградської міської ради Кіровоградської області',	24,	1,	'',	'2016-12-20 05:01:10',	'2017-03-16 13:08:36',	'Кропивницький',	'Тараса Карпи',	'85',	'7d1b49c48af414b66d7420e2969e4a7f66253c32',	48.50680499999999,	32.27187090000000,	'вулиця Тараса Карпи, 85, Кропивницький, Кіровоградська область, Україна',	'ЗНЗ № 24 \"Оберіг\"'),
(25,	'Комунальний заклад \"Навчально-виховне об\'єднання № 25 \"Загальноосвітня школа І-ІІІ ступенів, природничо-математичний ліцей, центр позашкільного виховання \"Ліра\" Кіровоградської міської ради Кіровоградської області',	25,	1,	'',	'2016-12-20 05:01:10',	'2017-03-16 13:03:48',	'Кропивницький',	'Леваневського',	'2-б',	'4354fde6cd67addfa14486a4f379a8c8ff6b98e8',	48.53829459999999,	32.26562100000000,	'вулиця Леваневського, 2Б, Кропивницький, Кіровоградська область, Україна',	'НВО № 25 \"Ліра\"'),
(26,	'Комунальний заклад \"Навчально-виховний комплекс \"Загальноосвітній навчальний заклад І-ІІІ ступенів №26 - дошкільний навчальний заклад - дитячий юнацький центр \"Зорецвіт\" Кіровоградської міської ради Кіровоградської області',	26,	1,	'',	'2016-12-20 05:01:10',	'2017-03-16 13:04:32',	'Кропивницький',	'Студентський бульвар',	'21',	'eed02e6ddc29f961a514989552e677246f229bdf',	48.51527950000001,	32.28108140000000,	'Студентський бульвар, 21, Кропивницький, Кіровоградська область, Україна',	'НВК № 26 \"Зорецвіт\"'),
(27,	'Загальноосвітня школа І-ІІІ ступенів № 29 Кіровоградської міської ради Кіровоградської області',	27,	1,	'',	'2016-12-20 05:01:11',	'2017-03-16 13:09:32',	'Кропивницький',	'Василя Нікітіна',	'25',	'7562fd19de62a31a30678e5c33d6e6c3b629b7da',	48.52657800000000,	32.27076690000001,	'вулиця Василя Нікітіна, 25, Кропивницький, Кіровоградська область, Україна',	'ЗОШ № 29'),
(28,	'Загальноосвітня школа І-ІІІ ступенів № 30 Кіровоградської міської ради Кіровоградської області',	28,	1,	'',	'2016-12-20 05:01:11',	'2017-03-16 13:10:01',	'Кропивницький',	'Вознесенська',	'97',	'fda738593b23c5744451ac2df1d40fe807533427',	48.48961749999999,	32.28161000000000,	'вулиця Вознесенська, 97, Кропивницький, Кіровоградська область, Україна',	'ЗОШ № 30'),
(29,	'Комунальний заклад \"Навчально-виховне об\'єднання \"Загальноосвітній навчальний заклад І-ІІІ ступенів №31 з гімназійними класами, центр дитячої та юнацької творчості \"Сузір\'я\" Кіровоградської міської ради Кіровоградської області\"',	29,	1,	'',	'2016-12-20 05:01:11',	'2017-03-16 13:10:39',	'Кропивницький',	'Космонавта Попова',	'11а',	'af740d67667fe6b42b08cb8e17f247bf80e74396',	48.49740200000000,	32.21427500000000,	'вулиця Космонавта Попова, 11А, Кропивницький, Кіровоградська область, Україна',	'НВО № 31 \"Сузір\'я\"'),
(30,	'Комунальний заклад \"Навчально-виховне об\'єднання № 32 \"Спеціалізована загальноосвітня школа І-ІІІ ступенів, позашкільний центр \"Школа мистецтв\" Кіровоградської міської ради Кіровоградської області\"',	30,	1,	'',	'2016-12-20 05:01:11',	'2017-03-16 13:11:10',	'Кропивницький',	'Глінки',	'1',	'5d17021df49038be54eb993a0ce2000fbf05608b',	48.49808849999999,	32.24771250000000,	'вулиця Глінки, 1, Кропивницький, Кіровоградська область, Україна',	'НВО № 32 \"Школа мистецтв\"'),
(31,	'Комунальний заклад \"Навчально-виховне об\'єднання № 33 \"Загальноосвітня школа І-ІІІ ступенів, дошкільний навчальний заклад Кіровоградської міської ради Кіровоградської області\"',	31,	1,	'',	'2016-12-20 05:01:11',	'2017-03-16 13:11:35',	'Кропивницький',	'Микитенка',	'35/21',	'96de28cc67ad0fe960518d4ccd0b7798f30fc0ba',	48.47067190000000,	32.25993839999999,	'вулиця Микитенка, 35/21, Кропивницький, Кіровоградська область, Україна',	'НВО № 33'),
(32,	'Комунальний заклад \"Навчально-виховний комплекс \"Загальноосвітня школа І-ІІ ступенів № 34 економіко-правовий ліцей \"Сучасник\" дитячий юнацький центр\" Кіровоградської міської ради Кіровоградської області',	32,	1,	'',	'2016-12-20 05:01:11',	'2017-03-16 13:12:07',	'Кропивницький',	'Студентський бульвар',	'11',	'5b1b4acea41c487e5952f9f8fffc2bc017b8aac2',	48.51622750000000,	32.27575460000000,	'Студентський бульвар, 11, Кропивницький, Кіровоградська область, Україна',	'НВК № 34 \"Сучасник\"'),
(33,	'Комунальний заклад \"Навчально-виховне об\'єднання № 35 \"Загальноосвітня школа І-ІІІ ступенів, позашкільний центр Кіровоградської міської ради Кіровоградської області\"',	33,	1,	'',	'2016-12-20 05:01:11',	'2017-03-16 13:13:03',	'Кропивницький',	'Космонавта Попова',	'28/20',	'91cfb5a35c88ac77578fd2e403acf9eb720affc4',	48.49363300000000,	32.20910700000000,	'вулиця Космонавта Попова, 20/28, Кропивницький, Кіровоградська область, Україна',	'НВО № 35'),
(34,	'Загальноосвітня школа І ступеня № 37 Кіровоградської міської ради Кіровоградської області',	34,	1,	'',	'2016-12-20 05:01:11',	'2017-03-16 13:13:30',	'Кропивницький',	'Металургів',	'22а',	'76b713703b42840fdc01b8a5f9250a73c0f9b2c2',	48.53007260000000,	32.12098449999999,	'вулиця Металургів, 22А, Кропивницький, Кіровоградська область, Україна',	'ЗОШ № 37'),
(35,	'СІЗО колонія №6 Загальноосвітня школа №38 Кіровоградської міської ради Кіровоградської області',	35,	1,	'',	'2016-12-20 05:01:11',	'2017-03-16 13:14:15',	'Кропивницький',	'Виправна колонія №6',	'',	'ChIJb2dRMpxC0EARiLviO1XjIFs',	48.49356000000000,	32.25567000000001,	'вулиця Яновського, 50, Кропивницький, Кіровоградська область, Украина',	'СІЗО колонія № 6 ЗОШ №38'),
(36,	'Комунальний заклад \"Навчально-виховне об\'єднання \"Загальноосвітня школа-інтернат І-ІІІ ступенів, ліцей \"Сокіл\", центр позашкільного виховання Кіровоградської міської ради Кіровоградської області\"',	36,	1,	'',	'2016-12-20 05:01:11',	'2017-03-16 13:15:14',	'Кропивницький',	'Короленка',	'46',	'fe703bd861f6c1a1c4fbb1b4e66f6ce0fd35a499',	48.53340370000000,	32.27578510000000,	'вулиця Короленка, 46, Кропивницький, Кіровоградська область, Україна',	'НВО ЗОШ-інтернат \"Сокіл\"'),
(37,	'Загальноосвітня школа І ступеня \"Мрія\" Кіровоградської міської ради Кіровоградської області',	37,	1,	'',	'2016-12-20 05:01:11',	'2017-03-16 13:15:58',	'Кропивницький',	'Бєляєва',	'23',	'9e13ab877e1c3583b9d22349c4089630d2762b02',	48.50558050000000,	32.22731760000000,	'вулиця Бєляєва, 23, Кропивницький, Кіровоградська область, Україна',	'ЗОШ \"Мрія\"'),
(38,	'Комунальний заклад \"Педагогічний ліцей\" Кіровоградської міської ради Кіровоградської області',	38,	1,	'',	'2016-12-20 05:01:12',	'2017-03-16 13:16:27',	'Кропивницький',	'Шевченка',	'1',	'cc82e43dfed82f1071020cefa10d9a1e54658072',	48.51391200000000,	32.26298090000000,	'вулиця Шевченка, 1, Кропивницький, Кіровоградська область, Україна',	'Педагогічний ліцей'),
(39,	'Гімназія нових технологій навчання Кіровоградської міської ради Кіровоградської області',	8,	1,	'',	'2016-12-20 05:01:12',	'2017-03-16 13:16:59',	'Кропивницький',	'Бєляєва',	'1',	'6b12e4d368a1ec9ea3e937543b9384539df8b14f',	48.51271200000000,	32.22672010000000,	'вулиця Бєляєва, 1, Кропивницький, Кіровоградська область, Україна',	'Гімназія нових технологій навчання'),
(40,	'Приватне навчально-виховне об\'єднання \"Дошкільний навчальний заклад - спеціалізована школа І-ІІ ступенів - ліцей \"Школа Ор-Авнер\"',	39,	1,	'',	'2016-12-20 05:01:12',	'2017-03-16 13:17:41',	'Кропивницький',	'Бєляєва',	'72',	'1680548f47722b44bdc5cdbbdd0083e178d53a1f',	48.51017700000000,	32.22696100000000,	'вулиця Бєляєва, 7/2, Кропивницький, Кіровоградська область, Україна',	'ПНВО \"Школа Ор-Авнер\"'),
(41,	'Комунальний заклад \"Навчально-виховне об\'єднання ліцей-школа-дошкільний навчальний заклад \"Вікторія-П\" Кіровоградської міської ради Кіровоградської області',	40,	1,	'',	'2016-12-20 05:01:12',	'2017-03-16 13:18:07',	'Кропивницький',	'Євгена Тельнова',	'20',	'9dc9527ddfc972a1ed8e3927d35142f32a3361a4',	48.50406810000000,	32.23221000000001,	'вулиця Євгена Тельнова, 20, Кропивницький, Кіровоградська область, Україна',	'НВО \"Вікторія-П\"'),
(42,	'Кіровоградський кібернетико-технічний коледж',	41,	1,	'',	'2016-12-20 05:01:12',	'2017-03-16 13:18:34',	'Кропивницький',	'Пашутинська вулиця',	'26/41',	'ChIJjQa76K5C0EARjPUEx8W4B40',	48.51030850000000,	32.26954999999998,	'Пашутинська вулиця, 26/41, Кропивницький, Кіровоградська область, Украина',	'Кібернетико-технічний коледж'),
(43,	'Комунальний заклад „Навчально-виховне об’єднання - Спеціальна загальноосвітня школа І-ІІ ступенів № 1 – дошкільний навчальний заклад Кіровоградської міської ради Кіровоградської області',	42,	2,	'',	'2016-12-20 05:01:12',	'2017-03-16 13:19:08',	'Кропивницький',	'Волкова',	'26а',	'5492715c6f426c941b5760bb57f3e8099124bb59',	48.49807060000000,	32.22245210000000,	'вулиця Волкова, 26, Кропивницький, Кіровоградська область, Україна',	'НВО № 1'),
(44,	'Комунальний заклад «Навчально-виховне об’єднання № 3 „Спеціальна загальноосвітня школа І-ІІІ ступенів – дитячий садок» Кіровоградської міської ради Кіровоградської області»',	43,	2,	'',	'2016-12-20 05:01:12',	'2017-03-16 13:19:52',	'Кропивницький',	'Куропятникова',	'19',	'b2cbfa6444919db00500e44499f55613c0f231ed',	48.49730800000000,	32.26092310000000,	'вулиця Куроп\'ятникова, 19, Кропивницький, Кіровоградська область, Україна',	'НВО № 3'),
(45,	'Школа естетичного виховання \"В гостях у казки\"',	44,	3,	'',	'2016-12-20 05:01:12',	'2017-03-16 13:20:37',	'Кропивницький',	'Металургів',	'4',	'f3f98b525c73a3dc31c1878491d2ea93498102ec',	48.52768909999999,	32.11237849999999,	'вулиця Металургів, 4, Кропивницький, Кіровоградська область, Україна',	'Школа естетичного виховання \"В гостях у казки\"'),
(46,	'Центр дитячої та юнацької творчості \"Центр-Юність\"',	45,	3,	'',	'2016-12-20 05:01:12',	'2017-03-16 13:21:12',	'Кропивницький',	'Металургів',	'12',	'c0a09539f91595bda89cbaa26a840f48282fe846',	48.52842649999999,	32.12354050000000,	'вулиця Металургів, 12, Кропивницький, Кіровоградська область, Україна',	'Центр дитячої та юнацької творчості \"Центр-Юність\"'),
(47,	'Комунальний заклад \"станція юних техніків\" Кіровоградської міської ради',	46,	3,	'',	'2016-12-20 05:01:12',	'2017-03-16 13:21:37',	'Кропивницький',	'Яновського',	'60',	'4685f998faa7699bd409ae5853b31b63f4611bfc',	48.49530750000000,	32.24926900000000,	'вулиця Яновського, 60, Кропивницький, Кіровоградська область, Україна',	'Станція юних техніків'),
(48,	'Будинок дитячої та юнацької творчості',	47,	3,	'',	'2016-12-20 05:01:12',	'2017-03-16 13:21:59',	'Кропивницький',	'Добровольського',	'22',	'e2bceff57f65d6785780055592fa3a174ce84aa2',	48.53812340000000,	32.26931900000000,	'вулиця Добровольського, 22, Кропивницький, Кіровоградська область, Україна',	'Будинок дитячої та юнацької творчості'),
(49,	'Комунальний заклад \"Центр науково-технічної творчості \"Каскад\" м. Кіровограда\"',	48,	3,	'',	'2016-12-20 05:01:12',	'2017-03-16 13:22:26',	'Кропивницький',	'Попова',	'5',	'2aaab720630b78c0a47c08dd335e85fefef7c89b',	48.49434650000000,	32.20666310000000,	'вулиця Космонавта Попова, 20/5, Кропивницький, Кіровоградська область, Україна',	'Центр науково-технічної творчості \"Каскад\"'),
(50,	'Дошкільний навчальний заклад (ясла-садок) № 2 “Ятранчик”',	49,	4,	'',	'2016-12-20 05:01:13',	'2017-03-16 13:22:53',	'Кропивницький',	'Шевченка',	'41а',	'1320611bdff22a9d309c62231526dc716ca857c0',	48.51089570000000,	32.27096710000000,	'вулиця Шевченка, 41, Кропивницький, Кіровоградська область, Україна',	'Ясла-садок № 2 “Ятранчик”'),
(51,	'Дошкільний навчальний заклад (ясла-садок) № 3 \"Незабудка\"',	50,	4,	'',	'2016-12-20 05:01:13',	'2017-03-16 13:23:27',	'Кропивницький',	'Генерала Жадова',	'23-д',	'd6275d79142aca7bc92743ed71189a5528b43a99',	48.49407160000001,	32.20428599999999,	'вулиця Генерала Жадова, 23/2, Кропивницький, Кіровоградська область, Україна',	'Ясла-садок № 3 \"Незабудка\"'),
(52,	'Комунальний заклад \"Дошкільний навчальний заклад (ясла-садок) комбінованого типу № 4 комбінованого типу \"Теремок\"',	51,	4,	'',	'2016-12-20 05:01:13',	'2017-03-16 13:24:03',	'Кропивницький',	'Гоголя',	'123',	'd650092fd73ef0b5ed6ad48711c14810709e3ba2',	48.50491259999999,	32.27336450000000,	'вулиця Гоголя, 123, Кропивницький, Кіровоградська область, Україна',	' Ясла-садок № 4 \"Теремок\"'),
(53,	'Дошкільний навчальний заклад (ясла-садок) № 14 \"Калинка\"',	52,	4,	'',	'2016-12-20 05:01:13',	'2017-03-16 13:24:24',	'Кропивницький',	'Жадова',	'21-а',	'c513342838e9d97eb8f50aae2cf37ed2e75c1d18',	48.49590850000000,	32.20441000000000,	'вулиця Генерала Жадова, 21А, Кропивницький, Кіровоградська область, Україна',	'Ясла-садок № 14 \"Калинка\"'),
(54,	'Дошкільний навчальний заклад (ясла-садок) № 15 \"Зірочка\" комбінованого типу',	53,	4,	'',	'2016-12-20 05:01:13',	'2017-03-16 13:24:50',	'Кропивницький',	'Олени Теліги',	'1-а',	'ee89ada967130cc6054b76753d5b1b7f451d263e',	48.53898590000001,	32.26201330000000,	'вулиця Олени Теліги, 1, Кропивницький, Кіровоградська область, Україна',	'Ясла-садок № 15 \"Зірочка\"'),
(55,	'Дошкільний навчальний заклад (ясла-садок) № 16 \"Дружба\" комбінованого типу',	54,	4,	'',	'2016-12-20 05:01:13',	'2017-03-16 13:25:18',	'Кропивницький',	'Металургів',	'34-а',	'bb2436b6e37b82a803bb22ca4bbc606b1ff53517',	48.52643910000000,	32.11628500000000,	'вулиця Металургів, 34, Кропивницький, Кіровоградська область, Україна',	'Ясла-садок № 16 \"Дружба\"'),
(56,	'Дошкільний навчальний заклад (ясла-садок) № 17 \"Орлятко\" комбінованого типу',	55,	4,	'',	'2016-12-20 05:01:13',	'2017-03-16 13:25:52',	'Кропивницький',	'Вокзальна',	'18-а',	'2b9622b3be5958b6f63bde72f99ecf27e54fe7b2',	48.51865999999999,	32.25338000000000,	'вулиця Вокзальна, 18/1, Кропивницький, Кіровоградська область, Україна',	'Ясла-садок № 17 \"Орлятко\"'),
(57,	'Дошкільний навчальний заклад (ясла-садок) № 19 \"Дзвіночок\"',	56,	4,	'',	'2016-12-20 05:01:13',	'2017-03-16 13:26:29',	'Кропивницький',	'Бобринецький шлях',	'2',	'622b094cec0faf405d2070066c174c48f89849b8',	48.49157100000000,	32.26928300000001,	'вулиця Бобринецький шлях, 2, Кропивницький, Кіровоградська область, Україна',	'Ясла-садок № 19 \"Дзвіночок\"'),
(58,	'Дошкільний навчальний заклад (ясла-садок) № 21 \"Струмочок\"',	57,	4,	'',	'2016-12-20 05:01:13',	'2017-03-21 15:52:05',	'Кропивницький',	'вулиця Декабристів',	'2/14',	'ChIJR4kN7rFC0EARJtSt365Jym8',	48.51312009999999,	32.26462149999998,	'вулиця Декабристів, 2/14, Кропивницький, Кіровоградська область, Украина',	'Ясла-садок № 21 \"Струмочок\"'),
(59,	'Дошкільний навчальний заклад (ясла-садок) компенсуючого типу для дітей з вадами опорно-рухового апарату \"Оленка\" № 22',	58,	4,	'',	'2016-12-20 05:01:13',	'2017-03-16 13:27:34',	'Кропивницький',	'Комарова',	'60',	'7249d1faf72ccd17eacd3443375f56ce2adc2ab7',	48.49380860000001,	32.23672250000000,	'вулиця Комарова, 60, Кропивницький, Кіровоградська область, Україна',	'Ясла-садок № 22 \"Оленка\"'),
(60,	'Дошкільний навчальний заклад (ясла-садок) № 23 \"Супутник\"',	59,	4,	'',	'2016-12-20 05:01:13',	'2017-03-16 13:28:02',	'Кропивницький',	'Добровольського',	'1',	'15c1796e699d01b703494b6e314452d84c1339e0',	48.53410299999999,	32.27566490000000,	'вулиця Добровольського, 1, Кропивницький, Кіровоградська область, Україна',	'Ясла-садок № 23 \"Супутник\"'),
(61,	'Дошкільний навчальний заклад (ясла-садок) № 24 \"Вогник\" ім.В.О. Сухомлинського комбінованого типу',	60,	4,	'',	'2016-12-20 05:01:13',	'2017-03-16 13:28:45',	'Кропивницький',	'пров. Училищний',	'3а',	'056348c9dd88c39700fd368814b616cefdb79e69',	48.51959950000000,	32.25718240000000,	'Училищний провулок, 3А, Кропивницький, Кіровоградська область, Україна',	'Ясла-садок № 24 \"Вогник\" ім. В.О. Сухомлинського'),
(62,	'Комунальний заклад \"Дошкільний навчальний заклад (ясла-садок) комбінованого типу № 27 \"Вишенька\"',	61,	4,	'',	'2016-12-20 05:01:13',	'2017-03-16 13:29:27',	'Кропивницький',	'Вокзальна',	'26-а',	'a1f0aefff5758f841ac590aab6212b466ded678f',	48.51660500000001,	32.24980300000000,	'вулиця Вокзальна, 26/3, Кропивницький, Кіровоградська область, Україна',	'Ясла-садок № 27 \"Вишенька\"'),
(63,	'Дошкільний навчальний заклад (ясла-садок) № 28 \"Зірочка\"',	62,	4,	'',	'2016-12-20 05:01:14',	'2017-03-16 13:29:50',	'Кропивницький',	'Студентський бульвар',	'8-а',	'228cd4ca07e794712917e1056876d0064d8b4036',	48.51566500000000,	32.27440010000000,	'8A, Студентський бульвар, 8А, Кропивницький, Кіровоградська область, Україна',	'Ясла-садок № 28 \"Зірочка\"'),
(64,	'Спеціальний дошкільний навчальний заклад (ясла-садок) № 29 \"Червона шапочка\"',	40,	4,	'',	'2016-12-20 05:01:14',	'2017-03-16 13:30:21',	'Кропивницький',	'Євгена Тельнова',	'20',	'9dc9527ddfc972a1ed8e3927d35142f32a3361a4',	48.50406810000000,	32.23221000000001,	'вулиця Євгена Тельнова, 20, Кропивницький, Кіровоградська область, Україна',	'Ясла-садок № 29 \"Червона шапочка\"'),
(65,	'Дошкільний навчальний заклад (ясла-садок) № 31 \"Берізка\"',	63,	4,	'',	'2016-12-20 05:01:14',	'2017-03-16 13:30:59',	'Кропивницький',	'А.Матвієнко',	'4',	'8d508b784372756edf0a57c299a3e02e287652b5',	48.51730500000000,	32.28008050000000,	'вулиця Андрія Матвієнка, 4, Кропивницький, Кіровоградська область, Україна',	'Ясла-садок № 31 \"Берізка\"'),
(66,	'Дошкільний навчальний заклад (ясла-садок) № 35 \"Світлячок\" комбінованого типу',	64,	4,	'',	'2016-12-20 05:01:14',	'2017-03-16 13:31:26',	'Кропивницький',	'Сергія Сєнчева',	'16-а',	'80fcef8cfd113e7d15273e4d37b396eead764d6b',	48.52271280000000,	32.22608250000000,	'вулиця Сергія Сєнчева, 16, Кропивницький, Кіровоградська область, Україна',	'Ясла-садок № 35 \"Світлячок\"'),
(67,	'Дошкільний навчальний заклад (ясла-садок) № 37 \"Ластівка\" комбінованого типу',	65,	4,	'',	'2016-12-20 05:01:14',	'2017-03-16 13:31:50',	'Кропивницький',	'Преображенська',	'101',	'c08248e2f87298f6fd1851541f8a3e0bc257228b',	48.49848850000000,	32.28659400000000,	'Преображенська вулиця, 101, Кропивницький, Кіровоградська область, Україна',	'Ясла-садок № 37 \"Ластівка\"'),
(68,	'Дошкільний навчальний заклад № 41 УМВС \"Золотий ключик\"',	66,	4,	'',	'2016-12-20 05:01:14',	'2017-03-16 13:32:58',	'Кропивницький',	'Тобілевича',	'32',	'0bce0c260e649b40c762e8b49b7648f76e4dad85',	48.50456020000001,	32.25015040000000,	'вулиця Тобілевича, 32, Кропивницький, Кіровоградська область, Україна',	'ДНЗ № 41 УМВС \"Золотий ключик\"'),
(69,	'Дошкільний навчальний заклад (ясла-садок) № 42 \"Ювілейний\" комбінованого типу',	67,	4,	'',	'2016-12-20 05:01:14',	'2017-03-16 13:33:24',	'Кропивницький',	'Олени Теліги',	'77',	'eda5070b282135b28dac68c00319fa950483522b',	48.53314149999999,	32.25700900000000,	'вулиця Олени Теліги, 77, Кропивницький, Кіровоградська область, Україна',	'Ясла-садок № 42 \"Ювілейний\"'),
(70,	'Дошкільний навчальний заклад (ясла-садок) № 43 \"Горобинка\" комбінованого типу',	68,	4,	'',	'2016-12-20 05:01:14',	'2017-03-21 15:34:41',	'Кропивницький',	'Васнецова',	'4',	'f97af74b6c2977eb717c14f3e2e1284687e87686',	48.51934820000000,	32.28872300000000,	'вулиця Васнецова, 4, Кропивницький, Кіровоградська область, Україна',	'Ясла-садок № 43 \"Горобинка\" '),
(71,	'Спеціальний дошкільний навчальний заклад (ясла-садок) № 46 \"Краплинка\"',	69,	4,	'',	'2016-12-20 05:01:14',	'2017-03-16 13:34:10',	'Кропивницький',	'В\"ячеслава Чорновола',	'9/3',	'2499ea090ac17ea8a4bc0558a2e0f6fe4dfc8bc1',	48.51451200000000,	32.26896100000000,	'вулиця В\'ячеслава Чорновола, 9, Кропивницький, Кіровоградська область, Україна',	'Ясла-садок № 46 \"Краплинка\"'),
(72,	'Дошкільний навчальний заклад (ясла-садок) № 47 \"Горобинка\" комбінованого типу',	70,	4,	'',	'2016-12-20 05:01:14',	'2017-03-16 13:34:41',	'Кропивницький',	'Корольова',	'29',	'15b1f7f20156e291508272349a04e2afa487d7f3',	48.50737150000000,	32.22488760000000,	'вулиця Академіка Корольова, 29, Кропивницький, Кіровоградська область, Україна',	'Ясла-садок № 47 \"Горобинка\"'),
(73,	'Дошкільний навчальний заклад (ясла-садок) № 48 \"Журавочка\"',	71,	4,	'',	'2016-12-20 05:01:14',	'2017-03-16 13:35:16',	'Кропивницький',	'Академіка Тамма',	'27',	'65e10bae7605522c419f5e9e347eddd148315237',	48.49846200000000,	32.23412710000000,	'вулиця Академіка Тамма, Кропивницький, Кіровоградська область, Україна',	'Ясла-садок № 48 \"Журавочка\"'),
(74,	'Дошкільний навчальний заклад (ясла-садок) № 52 \"Казковий\"',	72,	4,	'',	'2016-12-20 05:01:14',	'2017-03-16 13:35:43',	'Кропивницький',	'Комарова',	'11',	'ad1a9f15e5c0c95bbeb4e294c55870227b7a3a44',	48.50223850000000,	32.24515100000001,	'вулиця Комарова, 11, Кропивницький, Кіровоградська область, Україна',	'Ясла-садок № 52 \"Казковий\"'),
(75,	'Комунальний заклад \"Дошкільний навчальний заклад (ясла-садок) комбінованого типу № 54 \"Чебурашка\"',	73,	4,	'',	'2016-12-20 05:01:14',	'2017-03-21 15:55:37',	'Кропивницький',	'вулиця Олега Ольжича',	'26',	'ChIJFZNjbk9d0EARKIm4d5XYLsM',	48.52594700000000,	32.27635699999996,	'вулиця Олега Ольжича, 26, Кропивницький, Кіровоградська область, Украина',	'Ясла-садок № 54 \"Чебурашка\"'),
(76,	'Дошкільний навчальний заклад (ясла-садок) № 60 \"Ягідка\" комбінованого типу',	74,	4,	'',	'2016-12-20 05:01:14',	'2017-03-16 13:36:30',	'Кропивницький',	'Андрія Матвієнка',	'53',	'8f91372ee48db4cd7a19f09e88f604fa5efa86a1',	48.51648960000000,	32.28033130000000,	'вулиця Андрія Матвієнка, 53, Кропивницький, Кіровоградська область, Україна',	'Ясла-садок № 60 \"Ягідка\"'),
(77,	'Дошкільний навчальний заклад (ясла-садок) № 61 \"Гніздечко\" комбінованого типу',	75,	4,	'',	'2016-12-20 05:01:15',	'2017-03-16 13:36:51',	'Кропивницький',	'Пацаєва',	'3-А',	'f5293dbbd9f68a1b6596a9a6edee389ebfc9cc85',	48.49783700000000,	32.21623000000000,	'вулиця Пацаєва, 8/3, Кропивницький, Кіровоградська область, Україна',	'Ясла-садок № 61 \"Гніздечко\"'),
(78,	'Дошкільний навчальний заклад (ясла-садок) № 62 \"Супутник\" комбінованого типу',	76,	4,	'',	'2016-12-20 05:01:15',	'2017-03-16 13:37:15',	'Кропивницький',	'Пацаєва',	'11-А',	'08ae8435933f27ce4210280a1890189c20b95b85',	48.49699340000000,	32.21782210000000,	'вулиця Пацаєва, 11, Кропивницький, Кіровоградська область, Україна',	'Ясла-садок № 62 \"Супутник\"'),
(79,	'Дошкільний навчальний заклад (ясла-садок) № 63 \"Посмішка\"',	77,	4,	'',	'2016-12-20 05:01:15',	'2017-03-16 13:37:42',	'Кропивницький',	'Академіка Тамма',	'4-а',	'26c35aeb0668d0ac1135bab070e22a265c6e6e03',	48.49733350000000,	32.22462210000000,	'4-а, вулиця Академіка Тамма, Кропивницький, Кіровоградська область, Україна',	'Ясла-садок № 63 \"Посмішка\"'),
(80,	'Санаторний дошкільний навчальний заклад (ясла-садок) № 65 \"Лукомор\'я\"',	78,	4,	'',	'2016-12-20 05:01:15',	'2017-03-16 13:38:10',	'Кропивницький',	'Курганна',	'2-а',	'f9dc936d696ec2c94c4bccb0998d4744e8253e78',	48.49325910000000,	32.23906640000000,	'Курганна вулиця, 2, Кропивницький, Кіровоградська область, Україна',	'Ясла-садок № 65 \"Лукомор\'я\"'),
(81,	'Дошкільний навчальний заклад (ясла-садок) № 67 \"Дельфін\" комбінованого типу',	79,	4,	'',	'2016-12-20 05:01:15',	'2017-03-16 13:38:53',	'Кропивницький',	'Пацаєва',	'10-а',	'f8e6a41b7765eb2d8c4ddbd65f55dd35c0289968',	48.49599800000001,	32.21696800000001,	'вулиця Пацаєва, 10, Кропивницький, Кіровоградська область, Україна',	'Ясла-садок № 67 \"Дельфін\"'),
(82,	'Дошкільний навчальний заклад (ясла-садок) № 68 \"Золота рибка\" комбінованого типу',	80,	4,	'',	'2016-12-20 05:01:15',	'2017-03-16 13:39:24',	'Кропивницький',	'Юрія Коваленка',	'15-а',	'ffd97e30ed7233bd4f418ddcfaae2a07035d691a',	48.49930699999999,	32.20953710000000,	'вулиця Юрія Коваленка, 15А, Кропивницький, Кіровоградська область, Україна',	'Ясла-садок № 68 \"Золота рибка\"'),
(83,	'Дошкільний навчальний заклад (ясла-садок) № 69 \"Кристалик\" комбінованого типу',	81,	4,	'',	'2016-12-20 05:01:15',	'2017-03-21 15:34:47',	'Гірниче',	'10 лінія',	'1',	'321cd6ba3023e2815b221c8f348b1786b2aaffd8',	48.47331399999999,	32.27837299999999,	'вулиця 1-а Лінія, 10, Кропивницький, Кіровоградська область, Україна',	'Ясла-садок № 69 \"Кристалик\" '),
(84,	'Дошкільний навчальний заклад (ясла-садок) № 70 \"Оленка\" комбінованого типу',	82,	4,	'',	'2016-12-20 05:01:15',	'2017-03-16 13:41:09',	'Кропивницький',	'Яновського',	'62-а',	'c9b6e55608726aaeb7573e0a9c85d73c7a09dc49',	48.49546600000000,	32.24813800000000,	'вулиця Яновського, 62, Кропивницький, Кіровоградська область, Україна',	'Ясла-садок № 70 \"Оленка\"'),
(85,	'Дошкільний навчальний заклад (ясла-садок) № 71 \"Катеринка\" комбінованого типу',	83,	4,	'',	'2016-12-20 05:01:15',	'2017-03-16 13:41:39',	'Кропивницький',	'Волкова',	'2',	'5e3ce21baaec79c65f87e581a640dd1f725ed98e',	48.51289900000000,	32.22440490000000,	'вулиця Волкова, 2, Кропивницький, Кіровоградська область, Україна',	'Ясла-садок № 71 \"Катеринка\"'),
(86,	'Дошкільний навчальний заклад (ясла-садок) № 72 \"Гномик\" комбінованого типу',	84,	4,	'',	'2016-12-20 05:01:15',	'2017-03-16 13:42:20',	'Кропивницький',	'пров. Фортечний',	'23-а',	'b791486fdb31cb5b298b45225fc58a7da987c29c',	48.49589300000000,	32.25905560000000,	'вулиця Фортечна, 23, Кропивницький, Кіровоградська область, Україна',	'Ясла-садок № 72 \"Гномик\"'),
(87,	'Дошкільний навчальний заклад (ясла-садок) № 73 \"Червона квіточка\" комбінованого типу',	85,	4,	'',	'2016-12-20 05:01:15',	'2017-09-19 10:01:25',	'Кропивницький',	'пров. Кінний',	'3',	'd73f3d3778d7d84ccbfc73653f827c9348e86932',	48.50793300000001,	32.26231700000000,	'Кінний пров. 3, Кропивницький, Кіровоградська, Україна, 25000',	'Ясла-садок № 73 \"Червона квіточка\" '),
(88,	'Дошкільний навчальний заклад (ясла-садок) № 74 \"Золотий півник\" комбінованого типу',	86,	4,	'',	'2016-12-20 05:01:15',	'2017-03-16 13:43:42',	'Кропивницький',	'Металургів',	'8-а',	'0d05a61330900cf413f869c0e2d5141a6fdddef4',	48.52859240000000,	32.11267450000000,	'вулиця Металургів, 8, Кропивницький, Кіровоградська область, Україна',	'Ясла-садок № 74 \"Золотий півник\"'),
(89,	'Комунальний заклад «Дитячий будинок «Барвінок» - дошкільний навчальний заклад комбінованого типу № 1 Кіровоградської міської ради»',	87,	4,	'',	'2016-12-20 05:01:15',	'2017-03-16 13:44:10',	'Кропивницький',	'Суворова',	'1',	'2de0c4ca5a44d857556d99f6f1c1948042ee8dda',	48.48985859999999,	32.24154620000000,	'провулок Суворова, 1, Кропивницький, Кіровоградська область, Україна',	'Дитячий будинок «Барвінок»'),
(133,	'Комунальний заклад \"Центр первинної медико-санітарноїдопомоги №1 м.Кіровограда\"',	110,	6,	'',	'2017-01-27 21:02:33',	'2017-03-16 13:45:21',	'Кропивницький',	'Кропивницького',	' 22',	'b20d04e5483daf5faae1e2f2a333e3311b55fe1f',	48.51479300000000,	32.23895390000000,	'провулок Кропивницького, 22, Кропивницький, Кіровоградська область, Україна',	'ЦПМСД № 1'),
(134,	'АЗПСМ № 1',	111,	6,	'',	'2017-01-27 21:02:33',	'2017-03-16 13:46:16',	'Кропивницький',	'Габдрахманова',	' 5',	'7551681b7c7c0586ff9ea2d8070cbe14436f1172',	48.50430249999999,	32.24758440000000,	'вулиця Габдрахманова, 5, Кропивницький, Кіровоградська область, Україна',	'АЗПСМ № 1'),
(135,	'АЗПСМ № 2',	111,	6,	'',	'2017-01-27 21:02:33',	'2017-03-16 13:46:32',	'Кропивницький',	'Габдрахманова',	' 5',	'7551681b7c7c0586ff9ea2d8070cbe14436f1172',	48.50430249999999,	32.24758440000000,	'вулиця Габдрахманова, 5, Кропивницький, Кіровоградська область, Україна',	'АЗПСМ № 2'),
(136,	'АЗПСМ № 3',	111,	6,	'',	'2017-01-27 21:02:33',	'2017-09-12 09:29:37',	'Кропивницький',	'Габдрахманова',	' 5',	'7551681b7c7c0586ff9ea2d8070cbe14436f1172',	48.50430249999999,	32.24758440000000,	'вулиця Габдрахманова, 5, Кропивницький, Кіровоградська область, Україна',	''),
(137,	'АЗПСМ № 4',	112,	6,	'',	'2017-01-27 21:02:33',	'2017-03-16 13:47:18',	'Кропивницький',	'Короленко',	' 56',	'846a85c99b3d5d3d19ced689a88ea313312af407',	48.54191360000000,	32.26030840000000,	'вулиця Короленка, 56, Кропивницький, Кіровоградська область, Україна',	'АЗПСМ № 4'),
(138,	'АЗПСМ № 5',	110,	6,	'',	'2017-01-27 21:02:33',	'2017-03-16 13:47:38',	'Кропивницький',	'Кропивницького',	' 22',	'b20d04e5483daf5faae1e2f2a333e3311b55fe1f',	48.51479300000000,	32.23895390000000,	'провулок Кропивницького, 22, Кропивницький, Кіровоградська область, Україна',	'АЗПСМ № 5'),
(139,	'АЗПСМ № 6',	110,	6,	'',	'2017-01-27 21:02:33',	'2017-03-16 13:47:49',	'Кропивницький',	'Кропивницького',	' 22',	'b20d04e5483daf5faae1e2f2a333e3311b55fe1f',	48.51479300000000,	32.23895390000000,	'провулок Кропивницького, 22, Кропивницький, Кіровоградська область, Україна',	'АЗПСМ № 6'),
(140,	'АЗПСМ № 7',	110,	6,	'',	'2017-01-27 21:02:34',	'2017-03-16 13:47:59',	'Кропивницький',	'Кропивницького',	' 22',	'b20d04e5483daf5faae1e2f2a333e3311b55fe1f',	48.51479300000000,	32.23895390000000,	'провулок Кропивницького, 22, Кропивницький, Кіровоградська область, Україна',	'АЗПСМ № 7'),
(141,	'АЗПСМ № 8',	113,	6,	'',	'2017-01-27 21:02:34',	'2017-09-15 05:53:39',	'Кропивницький',	'Колгоспна',	' 71',	'52f5244697878da26a16e79d2d012e662dcd8e39',	48.52681900000000,	32.26884400000000,	'вулиця Миколи Левитського, 71, Кропивницький, Кіровоградська область, Україна',	''),
(142,	'АЗПСМ № 9',	114,	6,	'',	'2017-01-27 21:02:34',	'2017-03-16 13:48:25',	'Кропивницький',	'Шевченка',	' 36',	'79c90b667e9d7b7423fdbf4568d53ea695493103',	48.51117240000000,	32.26930400000001,	'вулиця Шевченка, 36, Кропивницький, Кіровоградська область, Україна',	'АЗПСМ № 9'),
(143,	'АЗПСМ № 10',	114,	6,	'',	'2017-01-27 21:02:34',	'2017-03-16 13:48:53',	'Кропивницький',	'Шевченка',	' 36',	'79c90b667e9d7b7423fdbf4568d53ea695493103',	48.51117240000000,	32.26930400000001,	'вулиця Шевченка, 36, Кропивницький, Кіровоградська область, Україна',	'АЗПСМ № 10'),
(144,	'Комунальний заклад \"Центр первинноїмедико-санітарноїдопомоги №2 м. Кіровограда\"',	115,	6,	'',	'2017-01-27 21:02:34',	'2017-03-16 13:49:24',	'Кропивницький',	'Космонавта Попова',	' 9-б',	'72b75249368a74883b2990ff5a9de2063915298e',	48.49753700000001,	32.20921450000000,	'вулиця Космонавта Попова, 9Б, Кропивницький, Кіровоградська область, Україна',	'ЦПМСД № 2'),
(145,	'АЗПСМ № 1',	115,	6,	'',	'2017-01-27 21:02:34',	'2017-03-16 13:51:12',	'Кропивницький',	'Космонавта Попова',	' 9-б',	'72b75249368a74883b2990ff5a9de2063915298e',	48.49753700000001,	32.20921450000000,	'вулиця Космонавта Попова, 9Б, Кропивницький, Кіровоградська область, Україна',	'АЗПСМ № 1'),
(146,	'АЗПСМ № 2',	115,	6,	'',	'2017-01-27 21:02:34',	'2017-03-16 13:51:31',	'Кропивницький',	'Космонавта Попова',	' 9-б',	'72b75249368a74883b2990ff5a9de2063915298e',	48.49753700000001,	32.20921450000000,	'вулиця Космонавта Попова, 9Б, Кропивницький, Кіровоградська область, Україна',	'АЗПСМ № 2'),
(147,	'АЗПСМ № 3',	115,	6,	'',	'2017-01-27 21:02:34',	'2017-03-16 13:46:52',	'Кропивницький',	'Космонавта Попова',	' 9-б',	'72b75249368a74883b2990ff5a9de2063915298e',	48.49753700000001,	32.20921450000000,	'вулиця Космонавта Попова, 9Б, Кропивницький, Кіровоградська область, Україна',	'АЗПСМ № 3'),
(148,	'АЗПСМ № 4',	116,	6,	'',	'2017-01-27 21:02:34',	'2017-03-16 13:51:55',	'Кропивницький',	'Генерала Жадова',	' 21, к. 2',	'462715f79f609f1aa43ab33734bf22fab80014a1',	48.49689900000001,	32.20222700000000,	'вулиця Генерала Жадова, 21, Кропивницький, Кіровоградська область, Україна',	'АЗПСМ № 4'),
(149,	'АЗПСМ № 5',	117,	6,	'',	'2017-01-27 21:02:34',	'2017-03-16 13:52:20',	'Кропивницький',	'ВалентиниТерешкової',	' 136',	'ca1e408e8c5b700769959582a87c9d01dd4421a1',	48.52271800000000,	32.23310260000000,	'вулиця Ярослава Мудрого, 136, Кропивницький, Кіровоградська область, Україна',	'АЗПСМ № 5'),
(150,	'АЗПСМ № 6',	117,	6,	'',	'2017-01-27 21:02:34',	'2017-03-16 13:52:39',	'Кропивницький',	'ВалентиниТерешкової',	' 136',	'ca1e408e8c5b700769959582a87c9d01dd4421a1',	48.52271800000000,	32.23310260000000,	'вулиця Ярослава Мудрого, 136, Кропивницький, Кіровоградська область, Україна',	'АЗПСМ № 6'),
(151,	'АЗПСМ № 7',	118,	6,	'',	'2017-01-27 21:02:35',	'2017-03-16 13:52:58',	'селище Нове',	'Металургів',	' 25-а',	'',	NULL,	NULL,	'',	'АЗПСМ № 7'),
(152,	'АЗПСМ № 8',	119,	6,	'',	'2017-01-27 21:02:35',	'2017-03-16 13:48:13',	'Кропивницький',	'Казанська',	' 12-а',	'998c6467d694578b43cb75540600263091149223',	48.56590250000000,	32.22636150000000,	'вулиця Казанська, 12, Кропивницький, Кіровоградська область, Україна',	'АЗПСМ № 8'),
(153,	'Комунальний заклад \"Амбулаторія загальної практики сімейної медицини\"',	120,	6,	'',	'2017-01-27 21:02:35',	'2017-03-16 13:53:46',	'селище Гірниче',	'Лінія 10 – а',	' буд. 61',	'55f71e66605769b2826511164c1fff99d43bf3a5',	48.47435100000000,	32.28231399999999,	'вулиця 10-а Лінія, 61, Кропивницький, Кіровоградська область, Україна, 25000',	'Амбулаторія загальної практики сімейної медицини'),
(154,	'Комунальний заклад \"Поліклінічне об\'єднання м.Кіровограда\"',	111,	6,	'',	'2017-01-27 21:02:35',	'2017-03-16 13:54:03',	'Кропивницький',	'Габдрахманова',	' 5',	'7551681b7c7c0586ff9ea2d8070cbe14436f1172',	48.50430249999999,	32.24758440000000,	'вулиця Габдрахманова, 5, Кропивницький, Кіровоградська область, Україна',	'Поліклінічне об\'єднання м.Кіровограда'),
(155,	'Поліклінічне відділення №1',	111,	6,	'',	'2017-01-27 21:02:35',	'2017-03-16 13:54:14',	'Кропивницький',	'Габдрахманова',	'5',	'ChIJqYUnx71C0EARCIcFRxPUKkQ',	48.50430249999999,	32.24758440000005,	'вулиця Габдрахманова, 5, Кропивницький, Кіровоградська область, Украина',	'Поліклінічне відділення №1'),
(156,	'Поліклінічне відділення №2',	117,	6,	'',	'2017-01-27 21:02:35',	'2017-03-16 13:54:26',	'Кропивницький',	'ВалентиниТерешкової',	' 136',	'ca1e408e8c5b700769959582a87c9d01dd4421a1',	48.52271800000000,	32.23310260000000,	'вулиця Ярослава Мудрого, 136, Кропивницький, Кіровоградська область, Україна',	'Поліклінічне відділення №2'),
(157,	'Поліклінічне відділення №3 с.Нового',	121,	6,	'',	'2017-01-27 21:02:35',	'2017-03-16 13:54:43',	'Кропивницький',	'Металургів',	' 25А',	'0a9e7a9991c18ee88698eb0577feccdbd4401a25',	48.52926400000000,	32.12047900000000,	'вулиця Металургів, 25, Кропивницький, Кіровоградська область, Україна',	'Поліклінічне відділення №3 с.Нового'),
(158,	'Поліклінічне відділення №4',	122,	6,	'',	'2017-01-27 21:02:35',	'2017-03-16 13:54:58',	'Кропивницький',	'Короленка',	' 56',	'846a85c99b3d5d3d19ced689a88ea313312af407',	48.54191360000000,	32.26030840000000,	'вулиця Короленка, 56, Кропивницький, Кіровоградська область, Україна',	'Поліклінічне відділення №4'),
(159,	'Поліклінічне відділення №5',	115,	6,	'',	'2017-01-27 21:02:35',	'2017-03-16 13:55:12',	'Кропивницький',	'Космонавта Попова',	' 9-б',	'72b75249368a74883b2990ff5a9de2063915298e',	48.49753700000001,	32.20921450000000,	'вулиця Космонавта Попова, 9Б, Кропивницький, Кіровоградська область, Україна',	'Поліклінічне відділення №5'),
(160,	'Міська стоматологічна поліклініка № 1 м. Кіровограда',	114,	6,	'',	'2017-01-27 21:02:35',	'2017-03-16 13:55:43',	'Кропивницький',	'Шевченка',	' 36',	'79c90b667e9d7b7423fdbf4568d53ea695493103',	48.51117240000000,	32.26930400000001,	'вулиця Шевченка, 36, Кропивницький, Кіровоградська область, Україна',	'Міська стоматологічна поліклініка № 1'),
(161,	'Стоматологічнаполіклініка № 2 м. Кіровограда',	123,	6,	'',	'2017-01-27 21:02:35',	'2017-03-16 13:55:59',	'Кропивницький',	'пр. Університетський',	' 29',	'2724e0c1b24c5d169978430570ea879cca28d4d0',	48.50558250000000,	32.20133960000000,	'Університетський проспект, 29, Кропивницький, Кіровоградська область, Україна',	'Стоматологічнаполіклініка № 2'),
(162,	'Дитяча стоматологічна поліклініка',	124,	6,	'',	'2017-01-27 21:02:36',	'2017-03-16 13:56:26',	'Кропивницький',	'Вокзальна',	' 31',	'3be5dfffe2ffcfd1096965cb8da6c59c4bdde248',	48.51917590000001,	32.25528289999999,	'вулиця Вокзальна, 31, Кропивницький, Кіровоградська область, Україна',	'Дитяча стоматологічна поліклініка'),
(163,	'Пологовийбудинок № 1 м. Кіровограда',	125,	6,	'',	'2017-01-27 21:02:36',	'2017-03-21 15:34:55',	'Кропивницький',	'Олени Журливої',	' 1',	'84c21d0e413e46755f629bb2472268c5c2d9874f',	48.53460050000000,	32.27137110000000,	'вулиця Олени Журливої, 1, Кропивницький, Кіровоградська область, Україна',	'Пологовий будинок № 1'),
(164,	'Жіноча консультація №1',	116,	6,	'',	'2017-01-27 21:02:36',	'2017-09-15 06:08:37',	'Кропивницький',	'вулиця Генерала Жадова',	'21',	'ChIJYcnwVfhC0EARdMfRHsrdlR8',	48.49690750000000,	32.20222260000003,	'вулиця Генерала Жадова, 21, Кропивницький, Кіровоградська область, Украина',	'Жіноча консультація №1'),
(165,	'Пологовий будинок №2 ім. \"Святої Анни\"',	126,	6,	'',	'2017-01-27 21:02:36',	'2017-03-16 13:57:42',	'Кропивницький',	'вулиця Ганни Дмитрян',	'1',	'ChIJtaVr00pd0EARkA3DlXR3hMU',	48.52078200000000,	32.26081799999997,	'вулиця Ганни Дмитрян, 1, Кропивницький, Кіровоградська область, Украина',	'Пологовий будинок №2 ім. \"Святої Анни\"'),
(166,	'Жіноча консультація № 3',	126,	6,	'',	'2017-01-27 21:02:36',	'2017-09-15 06:09:19',	'Кропивницький',	'вулиця Ганни Дмитрян',	'1',	'ChIJtaVr00pd0EARkA3DlXR3hMU',	48.52078200000000,	32.26081799999997,	'вулиця Ганни Дмитрян, 1, Кропивницький, Кіровоградська область, Украина',	'Жіноча консультація № 3'),
(167,	'Комунальний заклад \"Центральна міська лікарня м. Кіровограда\"',	127,	6,	'',	'2017-01-27 21:02:36',	'2017-03-21 15:34:58',	'Кропивницький',	'Дворцова',	' 45/35',	'82d4fc2e6bdcdfbf92b6a8c0729d5eb2ab36714b',	48.51008419999999,	32.26899020000000,	'вулиця Архітектора Паученка, 45, Кропивницький, Кіровоградська область, Україна',	'Центральна міська лікарня'),
(168,	'Стаціонарне відділення №2 комунального закладу \"Центральна міська лікарня м. Кіровограда\"',	127,	6,	'',	'2017-01-27 21:02:36',	'2017-03-21 15:35:00',	'Кропивницький',	'Дворцова',	' 45/35',	'82d4fc2e6bdcdfbf92b6a8c0729d5eb2ab36714b',	48.51008419999999,	32.26899020000000,	'вулиця Архітектора Паученка, 45, Кропивницький, Кіровоградська область, Україна',	'Стаціонарне відділення №2 центральної міської лікарні'),
(169,	'Стаціонарневідділення № 1',	128,	6,	'',	'2017-01-27 21:02:36',	'2017-03-21 15:35:03',	'Кропивницький',	'Фортеця',	' 21',	'c126937864ac0f4df6ada19f1d2d72c059e6cbeb',	48.49811730000000,	32.25442370000000,	'вулиця Ушакова, 1, Кропивницький, Кіровоградська область, Україна',	'Стаціонарне відділення № 1'),
(170,	'Поліклінічне відділення комунального закладу \"Центральна міська лікарня м. Кіровограда\"',	110,	6,	'',	'2017-01-27 21:02:36',	'2017-03-16 14:01:18',	'Кропивницький',	'Кропивницького',	' 22',	'b20d04e5483daf5faae1e2f2a333e3311b55fe1f',	48.51479300000000,	32.23895390000000,	'провулок Кропивницького, 22, Кропивницький, Кіровоградська область, Україна',	'Поліклінічне відділення центральної міської лікарні'),
(171,	'Дитяча міська поліклініка №1',	114,	6,	'',	'2017-01-27 21:02:36',	'2017-03-16 14:01:30',	'Кропивницький',	'Шевченка',	' 36',	'79c90b667e9d7b7423fdbf4568d53ea695493103',	48.51117240000000,	32.26930400000001,	'вулиця Шевченка, 36, Кропивницький, Кіровоградська область, Україна',	'Дитяча міська поліклініка №1'),
(172,	'Кіровоградська дитяча міська лікарня',	129,	6,	'',	'2017-01-27 21:02:36',	'2017-03-16 14:01:41',	'Кропивницький',	'Університетський проспект',	'6',	'ChIJ9QJ2e-ZC0EARqMHAxU_EbIA',	48.50760520000000,	32.21565420000002,	'Університетський проспект, 6, Кропивницький, Кіровоградська область, Украина',	'Кіровоградська дитяча міська лікарня'),
(173,	'\"Комунальний заклад \"Кіровоградська міська лікарня швидкої медичної допомоги\"\"',	122,	6,	'',	'2017-01-27 21:02:36',	'2017-03-16 14:02:06',	'Кропивницький',	'Короленка',	' 56',	'846a85c99b3d5d3d19ced689a88ea313312af407',	48.54191360000000,	32.26030840000000,	'вулиця Короленка, 56, Кропивницький, Кіровоградська область, Україна',	'Кіровоградська міська лікарня швидкої медичної допомоги'),
(180,	'Аптека оптовых цен',	NULL,	7,	NULL,	'2017-03-20 09:01:24',	'2017-03-21 15:35:06',	'Кропивницький',	'Преображенская',	'4-А',	'c2d29c478f8f4090310e7cd884146efbfa7ebf53',	48.50754860000000,	32.26252670000000,	'Преображенська вулиця, 4, Кропивницький, Кіровоградська область, Україна',	NULL),
(181,	'Априка',	NULL,	7,	NULL,	'2017-03-20 09:01:24',	'2017-03-20 09:01:24',	'Кропивницький',	'Карла Маркса (Большая Перспективная)',	'28',	NULL,	NULL,	NULL,	NULL,	NULL),
(182,	'Аптека поликлиники №3',	NULL,	7,	NULL,	'2017-03-20 09:01:24',	'2017-03-21 15:35:11',	'Кропивницький',	'Кропивницкого',	'22',	'b20d04e5483daf5faae1e2f2a333e3311b55fe1f',	48.51479300000000,	32.23895390000000,	'провулок Кропивницького, 22, Кропивницький, Кіровоградська область, Україна',	NULL),
(183,	'Аптека №1',	NULL,	7,	NULL,	'2017-03-20 09:01:25',	'2017-03-20 09:01:25',	'Кропивницький',	'Бианская Набережная',	'13',	NULL,	NULL,	NULL,	NULL,	NULL),
(184,	'Аптека №106',	NULL,	7,	NULL,	'2017-03-20 09:01:25',	'2017-03-20 09:01:25',	'Кропивницький',	'Валентины Терешковой',	'138',	NULL,	NULL,	NULL,	NULL,	NULL),
(185,	'Аптека №109',	NULL,	7,	NULL,	'2017-03-20 09:01:25',	'2017-03-21 15:35:19',	'Кропивницький',	'Металлургов',	'2а',	'dd22777d963492a028d37d0a30454cbe09010e55',	48.52747500000000,	32.12318750000000,	'вулиця Металургів, 2, Кропивницький, Кіровоградська область, Україна',	NULL),
(186,	'Аптека №112',	NULL,	7,	NULL,	'2017-03-20 09:01:25',	'2017-03-21 15:35:22',	'Кропивницький',	'Короленко',	'34',	'd11f041b3677dc7904fe952479d5c5a6e509ca3e',	48.53626800000001,	32.27002090000000,	'вулиця Короленка, 34, Кропивницький, Кіровоградська область, Україна',	NULL),
(187,	'Аптека №118',	NULL,	7,	NULL,	'2017-03-20 09:01:25',	'2017-03-20 09:01:25',	'Кропивницький',	'Коммунистический',	'4а',	NULL,	NULL,	NULL,	NULL,	NULL),
(188,	'Аптека №127',	NULL,	7,	NULL,	'2017-03-20 09:01:25',	'2017-03-21 15:35:28',	'Кропивницький',	'Степняка-Кравчинского',	'1',	'2338863b8d490b8f19680b9c76230e3d14540c43',	48.52329000000000,	32.22669000000000,	'вулиця Степняка-Кравчинського, 1, Кропивницький, Кіровоградська область, Україна',	NULL),
(189,	'Аптека №146',	NULL,	7,	NULL,	'2017-03-20 09:01:25',	'2017-03-21 15:35:31',	'Кропивницький',	'Космонавта Попова',	'20',	'0cd378c2609b9ecb434697797c66096ba4633050',	48.49443950000001,	32.20856850000000,	'вулиця Космонавта Попова, 20/1, Кропивницький, Кіровоградська область, Україна',	NULL),
(190,	'Аптека №151',	NULL,	7,	NULL,	'2017-03-20 09:01:25',	'2017-03-21 15:35:34',	'пос. Горный',	'40-летия Победы',	NULL,	'4e19393d6ce8c65f676ec1d1abb5dc7391ce3026',	48.47484510000000,	32.20433770000000,	'вулиця 40-річчя Перемоги, Соколівське, Кіровоградська область, Україна, 27641',	NULL),
(191,	'Аптека №152',	NULL,	7,	NULL,	'2017-03-20 09:01:25',	'2017-03-21 15:35:37',	'Кропивницький',	'Пацаева',	'13',	'e1581171cf101c8797bdbc137780112116c0020c',	48.50193950000000,	32.21490810000000,	'вулиця Пацаєва, 1/3, Кропивницький, Кіровоградська область, Україна',	NULL),
(192,	'Аптека №155',	NULL,	7,	NULL,	'2017-03-20 09:01:26',	'2017-03-21 15:35:39',	'Кропивницький',	'Краснозвездовская',	'15',	'59d582c80e8f296d7da6524dc2c34f677b1bcd17',	48.53019850000000,	32.27456389999999,	'вулиця Василя Нікітіна, 15, Кропивницький, Кіровоградська область, Україна',	NULL),
(193,	'Аптека №159',	NULL,	7,	NULL,	'2017-03-20 09:01:26',	'2017-03-21 15:35:42',	'Кропивницький',	'Металлургов',	'28',	'255a4811295f49388e4b28a40348405612247d42',	48.53037010000000,	32.11189799999999,	'вулиця Металургів, 28, Кропивницький, Кіровоградська область, Україна',	NULL),
(194,	'Аптека №160',	NULL,	7,	NULL,	'2017-03-20 09:01:26',	'2017-03-21 15:35:45',	'Кропивницький',	'Университетский',	'2/5',	'a21e3091990abda644bed8f15df845a39f5c5f75',	48.50523350000000,	32.21942660000001,	'Університетський проспект, 2/5, Кропивницький, Кіровоградська область, Україна',	NULL),
(195,	'Аптека №160',	NULL,	7,	NULL,	'2017-03-20 09:01:26',	'2017-03-21 15:35:48',	'Кропивницький',	'Правды',	'90',	'a70158db9239d5a9086d0c850655d2777c373b03',	48.50386959999999,	32.22223630000000,	'вулиця Євгена Тельнова, 90, Кропивницький, Кіровоградська область, Україна',	NULL),
(196,	'Аптека №161',	NULL,	7,	NULL,	'2017-03-20 09:01:26',	'2017-03-21 15:35:51',	'Кропивницький',	'Преображенская',	'79/35',	'45258011bba9780e0165e6e43754efd90b8c0a78',	48.50221000000000,	32.27700200000000,	'Преображенська вулиця, 79/35, Кропивницький, Кіровоградська область, Україна',	NULL),
(197,	'Аптека №167',	NULL,	7,	'',	'2017-03-20 09:01:26',	'2017-03-21 15:48:01',	'Кропивницький',	'вулиця Вокзальна',	'64',	'ChIJX2VsSL9C0EAR7jHKC7HTw5g',	48.50869300000000,	32.24360239999999,	'вулиця Вокзальна, 64, Кропивницький, Кіровоградська область, Украина',	''),
(198,	'Аптека №169',	NULL,	7,	NULL,	'2017-03-20 09:01:26',	'2017-03-21 15:35:56',	'Кропивницький',	'Волкова',	'1а',	'6306f6f8ebaf88384d209f34060f86482660fe42',	48.51021550000001,	32.22176700000000,	'вулиця Волкова, 1А, Кропивницький, Кіровоградська область, Україна',	NULL),
(199,	'Аптека №173',	NULL,	7,	NULL,	'2017-03-20 09:01:26',	'2017-03-21 15:35:59',	'Кропивницький',	'Беляева',	'25',	'c7d56ded46e862f4f79dfa874924dfd03193a9b1',	48.50694600000000,	32.22945150000000,	'вулиця Бєляєва, 6/25, Кропивницький, Кіровоградська область, Україна',	NULL),
(200,	'Аптека №174',	NULL,	7,	NULL,	'2017-03-20 09:01:26',	'2017-03-21 15:36:02',	'Кропивницький',	'Тимирязева',	'32',	'8008b9c4a9f04c7865a5dfd64c66637f4052d290',	48.51149160000000,	32.25953240000000,	'вулиця Тараса Карпи, 32, Кропивницький, Кіровоградська область, Україна',	NULL),
(201,	'Аптека №175',	NULL,	7,	NULL,	'2017-03-20 09:01:26',	'2017-03-21 15:36:05',	'Кропивницький',	'Беляева',	'3',	'6746efa64f552db326e8f8d975eb7fe9472216dd',	48.51199849999999,	32.22696050000000,	'вулиця Бєляєва, 3, Кропивницький, Кіровоградська область, Україна',	NULL),
(202,	'Аптека №181',	NULL,	7,	NULL,	'2017-03-20 09:01:27',	'2017-03-21 15:36:07',	'Кропивницький',	'Беляева',	'25',	'c7d56ded46e862f4f79dfa874924dfd03193a9b1',	48.50694600000000,	32.22945150000000,	'вулиця Бєляєва, 6/25, Кропивницький, Кіровоградська область, Україна',	NULL),
(203,	'Аптека №182',	NULL,	7,	NULL,	'2017-03-20 09:01:27',	'2017-03-21 15:36:10',	'Кропивницький',	'Генерала Родимцева',	'81',	'd7153cda370dbdf5629ab820d050cbbc9dc3ae4e',	48.49648050000000,	32.29889839999999,	'вулиця Генерала Родимцева, 81, Кропивницький, Кіровоградська область, Україна',	NULL),
(204,	'Аптека №2',	NULL,	7,	NULL,	'2017-03-20 09:01:27',	'2017-03-21 15:36:13',	'Кропивницький',	'Калинина',	'10/14',	'c22dcdd3d8d1b580bfcda8b4b413c94f547bbf15',	48.51251750000000,	32.26181350000000,	'вулиця Шульгиних, 10, Кропивницький, Кіровоградська область, Україна',	NULL),
(205,	'Аптека №3',	NULL,	7,	NULL,	'2017-03-20 09:01:27',	'2017-03-21 15:36:16',	'Кропивницький',	'Чигиринская',	'32',	'0d5f16157e8b45c83eff0a79ed2d609abbdfce30',	49.41361550000000,	32.10274260000000,	'вулиця Чигиринська, 32, Черкаси, Черкаська область, Україна',	NULL),
(206,	'Аптека №4',	NULL,	7,	NULL,	'2017-03-20 09:01:27',	'2017-03-21 15:36:18',	'Кропивницький',	'Дзержинского',	'96',	'4c3d4849a852ceb52ca2663c2e300cdbda56ce55',	48.50839650000000,	32.26933540000000,	'вулиця Віктора Чміленка, 96, Кропивницький, Кіровоградська область, Україна',	NULL),
(207,	'Аптека №5',	NULL,	7,	NULL,	'2017-03-20 09:01:27',	'2017-03-21 15:36:21',	'Кропивницький',	'Ярославская',	'86/52',	'650f9a8e949ca5cba5ce3ad362cba919f1e06186',	48.53005890000000,	32.26020210000000,	'Ярославська вулиця, 86, Кропивницький, Кіровоградська область, Україна',	NULL),
(208,	'Аптека №61',	NULL,	7,	NULL,	'2017-03-20 09:01:27',	'2017-03-21 15:36:24',	'Кропивницький',	'Спасский',	'81',	'5e02bd3f76bcc44125949eec1f548bdb36458f9b',	48.50805050000000,	32.29362439999999,	'Спаський провулок, 81, Кропивницький, Кіровоградська область, Україна',	NULL),
(209,	'Аптека №7',	NULL,	7,	NULL,	'2017-03-20 09:01:27',	'2017-03-21 15:36:26',	'Кропивницький',	'Преображенская',	'67',	'87b5ec1bf09ee8459f4706c2b6eb484dc6c0f055',	48.50235319999999,	32.27557430000000,	'Преображенська вулиця, 67, Кропивницький, Кіровоградська область, Україна',	NULL),
(210,	'Аптека №73',	NULL,	7,	NULL,	'2017-03-20 09:01:27',	'2017-03-21 15:36:29',	'Кропивницький',	'50-летия Октября',	'9',	'aec706a569ba3c09cf5c6629c9cf590c59ccc034',	48.50049580000000,	32.23213859999999,	'Україна',	NULL),
(211,	'Аптека №81',	NULL,	7,	NULL,	'2017-03-20 09:01:27',	'2017-03-21 15:36:32',	'Кропивницький',	'Шевченко',	'19',	'4bd2d49b6d71c74f4c449ddc48e8e71c76507dc4',	48.51127200000001,	32.27065950000000,	'вулиця Шевченка, 19, Кропивницький, Кіровоградська область, Україна',	NULL),
(212,	'Аптека-Центр',	NULL,	7,	NULL,	'2017-03-20 09:01:28',	'2017-03-21 15:36:34',	'Кропивницький',	'Пацаева',	'13',	'e1581171cf101c8797bdbc137780112116c0020c',	48.50193950000000,	32.21490810000000,	'вулиця Пацаєва, 1/3, Кропивницький, Кіровоградська область, Україна',	NULL),
(213,	'Аптечный склад',	NULL,	7,	NULL,	'2017-03-20 09:01:28',	'2017-03-21 15:36:37',	'Кропивницький',	'Володарского',	'84',	'8eedee66cfcfa6b0883e2b5b7d7312f5b5599e47',	48.50414050000000,	32.26643360000001,	'вулиця Володарського, 84, Кропивницький, Кіровоградська область, Україна',	NULL),
(214,	'Арника и К',	NULL,	7,	NULL,	'2017-03-20 09:01:28',	'2017-03-21 15:36:40',	'Кропивницький',	'Калинина',	'13/1',	'd0a31ee2acffbd86bf0fc2ce6e87a94e7e632276',	48.51201950000000,	32.26176200000000,	'вулиця Шульгиних, 13, Кропивницький, Кіровоградська область, Україна',	NULL),
(215,	'Артур и К',	NULL,	7,	NULL,	'2017-03-20 09:01:28',	'2017-03-21 15:36:43',	'Кропивницький',	'Тимирязева',	'66',	'd527079f730097f391986ffc8912a39d9c20a02a',	48.50918430000000,	32.26543449999999,	'вулиця Тараса Карпи, 66, Кропивницький, Кіровоградська область, Україна',	NULL),
(216,	'Ацинус',	NULL,	7,	NULL,	'2017-03-20 09:01:28',	'2017-03-20 09:01:28',	'Кропивницький',	'Карла Маркса (Большая Перспективная)',	'60',	NULL,	NULL,	NULL,	NULL,	NULL),
(217,	'Галеника',	NULL,	7,	NULL,	'2017-03-20 09:01:28',	'2017-03-21 15:36:48',	'Кропивницький',	'Университетский',	'2/5',	'a21e3091990abda644bed8f15df845a39f5c5f75',	48.50523350000000,	32.21942660000001,	'Університетський проспект, 2/5, Кропивницький, Кіровоградська область, Україна',	NULL),
(218,	'Гедион Рихтер',	NULL,	7,	NULL,	'2017-03-20 09:01:28',	'2017-03-21 15:36:50',	'Кропивницький',	'Правды',	'1а',	'4d17def0502c1030a07cce1822a90f9e9baa636f',	48.50185399999999,	32.23843400000000,	'вулиця Євгена Тельнова, 1А, Кропивницький, Кіровоградська область, Україна',	NULL),
(219,	'Здоровье',	NULL,	7,	NULL,	'2017-03-20 09:01:28',	'2017-03-20 09:01:28',	'Кропивницький',	'Октябрьской Революции',	'24',	NULL,	NULL,	NULL,	NULL,	NULL),
(220,	'Зеленая сокровищница здоровья',	NULL,	7,	NULL,	'2017-03-20 09:01:28',	'2017-03-21 15:36:56',	'Кропивницький',	'50-летия Октября',	'5',	'aec706a569ba3c09cf5c6629c9cf590c59ccc034',	48.50049580000000,	32.23213859999999,	'Україна',	NULL),
(221,	'Инкопмарк Медсервис №1',	NULL,	7,	NULL,	'2017-03-20 09:01:28',	'2017-03-21 15:36:59',	'Кропивницький',	'Героев Сталинграда',	'26',	'5cb3746721e4f5801ed413564672430aaf514cbd',	48.49831470000000,	32.23381600000000,	'вул. Героїв Сталінграда, 26, Кропивницький, Кіровоградська, Україна',	NULL),
(222,	'Лавка Здоровья',	NULL,	7,	NULL,	'2017-03-20 09:01:29',	'2017-03-21 15:37:02',	'Кропивницький',	'Ленина',	'51/44',	'ecb0a0e6940ae43d8737b88898ff023fecf2056c',	48.51757070000000,	32.25103830000000,	'провулок Леніна, Кропивницький, Кіровоградська область, Україна',	NULL),
(223,	'Лики Кировоградщины',	NULL,	7,	NULL,	'2017-03-20 09:01:29',	'2017-03-20 09:01:29',	'Кропивницький',	'Бианская Набережная',	'13',	NULL,	NULL,	NULL,	NULL,	NULL),
(224,	'Лики плюс',	NULL,	7,	NULL,	'2017-03-20 09:01:29',	'2017-03-21 15:37:07',	'Кропивницький',	'Богдана Хмельницкого',	'4',	'84479e1e6a25457df4a4d4f0a59adbff6af56d8c',	48.54083199999999,	32.23264100000000,	'вулиця Богдана Хмельницького, 4, Кропивницький, Кіровоградська область, Україна',	NULL),
(225,	'Медикор фарм',	NULL,	7,	NULL,	'2017-03-20 09:01:29',	'2017-03-21 15:37:10',	'Кропивницький',	'Правды',	'2в',	'd423ab3cfc473d82ef7dc1f07cfec07ebd86301e',	48.50366500000000,	32.22932300000000,	'вулиця Євгена Тельнова, 9/2, Кропивницький, Кіровоградська область, Україна',	NULL),
(226,	'Областная социальная аптека',	NULL,	7,	NULL,	'2017-03-20 09:01:29',	'2017-03-21 15:37:13',	'Кропивницький',	'Преображенская',	'2',	'7d523cb45dfe960da58acf796919267323020bbc',	48.50644090000000,	32.26572910000000,	'Преображенська вулиця, 2, Кропивницький, Кіровоградська область, Україна',	NULL),
(227,	'Пирамидиум',	NULL,	7,	NULL,	'2017-03-20 09:01:29',	'2017-03-21 15:37:15',	'Кропивницький',	'Варшавская',	'2',	'75c2b7e6895dbd9c148591acb9ff0c494e9b7afe',	48.52970089999999,	32.27275800000000,	'Варшавська вулиця, 2/42, Кропивницький, Кіровоградська область, Україна',	NULL),
(228,	'Планета трав',	NULL,	7,	NULL,	'2017-03-20 09:01:29',	'2017-03-21 15:37:18',	'Кропивницький',	'Пашутинская',	'61',	'3343edbc9e1558760a66e0715d1caf929d905612',	48.50698250000000,	32.26719800000000,	'Пашутинська вулиця, 61/84, Кропивницький, Кіровоградська область, Україна',	NULL),
(229,	'Сальве',	NULL,	7,	NULL,	'2017-03-20 09:01:29',	'2017-03-21 15:37:21',	'Кропивницький',	'Кольцевая',	'65',	'cad34c85403f31426da95be14f31576444fb2100',	48.52344850000000,	32.21562350000000,	'Кільцева вулиця, 65, Кропивницький, Кіровоградська область, Україна',	NULL),
(230,	'Социальная аптека',	NULL,	7,	NULL,	'2017-03-20 09:01:29',	'2017-03-21 15:37:23',	'Кропивницький',	'Космонавта Попова',	'20',	'0cd378c2609b9ecb434697797c66096ba4633050',	48.49443950000001,	32.20856850000000,	'вулиця Космонавта Попова, 20/1, Кропивницький, Кіровоградська область, Україна',	NULL),
(231,	'Справочная аптечная служба \"Интер-аптека\"',	NULL,	7,	NULL,	'2017-03-20 09:01:29',	'2017-03-21 15:37:26',	'Кропивницький',	NULL,	NULL,	'0175ed1204556cc91223cac0fe255de2b09d2dd9',	48.50793300000001,	32.26231700000000,	'Кропивницький, Кіровоградська область, Україна',	NULL),
(232,	'Тико',	NULL,	7,	NULL,	'2017-03-20 09:01:30',	'2017-03-20 09:01:30',	'Кропивницький',	'Карла Маркса (Большая Перспективная)',	'20',	NULL,	NULL,	NULL,	NULL,	NULL),
(233,	'Фитоаптека',	NULL,	7,	NULL,	'2017-03-20 09:01:30',	'2017-03-21 15:37:32',	'Кропивницький',	'50-летия Октября',	'17',	'd7e2d59eb50e847b7dd5722b64399f2da07c5583',	48.50028400000000,	32.24594500000000,	'ул. 50 лет Октября, 17, Кропивницький, Україна, 25000',	NULL),
(234,	'Элинфарм',	NULL,	7,	NULL,	'2017-03-20 09:01:30',	'2017-03-21 15:37:35',	'Кропивницький',	'Ленина',	'10',	'853324f57c8e0322a296a3283ad5b2285e0768c9',	48.51304880000000,	32.26104980000000,	'вулиця Леніна, 10, Кропивницький, Кіровоградська область, Україна',	NULL),
(235,	'Эпсилон',	NULL,	7,	NULL,	'2017-03-20 09:01:30',	'2017-03-20 09:01:30',	'Кропивницький',	'Карла Маркса (Большая Перспективная)',	'82',	NULL,	NULL,	NULL,	NULL,	NULL),
(236,	'Кафе «Movie Bar»',	NULL,	8,	NULL,	'2017-03-20 09:01:30',	'2017-03-21 15:37:41',	'Кропивницький',	'вул. Соборна',	'1-а',	'5a3cfc89b2b20f59e81fc819d3d426832b2a9d9a',	48.50200840000000,	32.25590040000001,	'вулиця Соборна, 1-А, Кропивницький, Кіровоградська область, Україна, 25000',	NULL),
(237,	'Кафе «Coffee Life»',	NULL,	8,	NULL,	'2017-03-20 09:01:30',	'2017-03-21 15:37:43',	'Кропивницький',	'пров. Центральний',	'3',	'56eea372e2758f2bd0f8bf361d3c2c2e191593a7',	48.50828940000000,	32.26688000000000,	'провулок Центральний, Кропивницький, Кіровоградська область, Україна',	NULL),
(238,	'Кафе «Шинок»',	NULL,	8,	NULL,	'2017-03-20 09:01:30',	'2017-03-21 15:37:46',	'Кропивницький',	'вул. Юрія Коваленка',	'5а',	'd27b18a8c979997675ecdfc6844ad0f791f7a3e1',	48.50181940000000,	32.21334800000000,	'вулиця Юрія Коваленка, 5, Кропивницький, Кіровоградська область, Україна',	NULL),
(239,	'Кафе «Melange»',	NULL,	8,	NULL,	'2017-03-20 09:01:30',	'2017-03-21 15:37:49',	'Кропивницький',	'вул. Гоголя',	'72',	'77d7803f634603b39564a0e0817a4cc330cf4ad4',	48.50800650000000,	32.26427240000000,	'вулиця Гоголя, 72, Кропивницький, Кіровоградська область, Україна',	NULL),
(240,	'Кафе «Албена»',	NULL,	8,	NULL,	'2017-03-20 09:01:30',	'2017-03-21 15:37:52',	'Кропивницький',	'вул. Космонавта Попова',	'11 б',	'9a5fd09882d48ae6729e42bc46ce51584af35561',	48.49805389999999,	32.21420250000000,	'вулиця Космонавта Попова, 11Б, Кропивницький, Кіровоградська область, Україна, 25000',	NULL),
(241,	'Кафе «Віденська Кава»',	NULL,	8,	NULL,	'2017-03-20 09:01:30',	'2017-03-21 15:37:55',	'Кропивницький',	'вул. Дворцова',	'16/7',	'ab0e43b08a9e9f4423db1e571154dfef4df18dbd',	48.51008419999999,	32.26899020000000,	'вулиця Архітектора Паученка, 16, Кропивницький, Кіровоградська область, Україна',	NULL),
(242,	'Кафе «Вояж»',	NULL,	8,	NULL,	'2017-03-20 09:01:31',	'2017-03-21 15:37:58',	'Кропивницький',	'вул. Добровольского',	'13-а',	'91f023109da395bbcdd6adc579b673b0ec1a322a',	48.53710299999999,	32.26913600000000,	'вулиця Добровольського, 13, Кропивницький, Кіровоградська область, Україна',	NULL),
(243,	'Кафе «Глорія»',	NULL,	8,	NULL,	'2017-03-20 09:01:31',	'2017-03-21 15:38:01',	'Кропивницький',	'вул. Євгена Тельнова',	'28',	'd3234e56cdc92e279a8bbeab7d7baad5e02b028c',	48.50386959999999,	32.22223630000000,	'вулиця Євгена Тельнова, 28, Кропивницький, Кіровоградська область, Україна',	NULL),
(244,	'Кафе «ГорКом»',	NULL,	8,	NULL,	'2017-03-20 09:01:31',	'2017-03-21 15:38:04',	'Кропивницький',	'вул. Велика Перспективна',	'38/33',	'2e9c247e1bea5554d1000eff5c3aa33a45c9b03d',	48.50930350000000,	32.26588210000001,	'вулиця Велика Перспективна, 38, Кропивницький, Кіровоградська область, Україна',	NULL),
(245,	'Кафе «Графъ»',	NULL,	8,	NULL,	'2017-03-20 09:01:31',	'2017-03-21 15:38:06',	'Кропивницький',	'вул. Академіка Тамма',	'23',	'fd9947a96a665f1b5abc600e0df819195a596103',	48.49833830000001,	32.23369150000001,	'вулиця Академіка Тамма, 23, Кропивницький, Кіровоградська область, Україна',	NULL),
(246,	'Кафе «ЄвроАзія»',	NULL,	8,	NULL,	'2017-03-20 09:01:31',	'2017-03-21 15:38:09',	'Кропивницький',	'вул. Дворцова',	'64/53',	'9b3c54a1a066a05a9fb6e7a230bb8dad01915e3f',	48.51008419999999,	32.26899020000000,	'вулиця Архітектора Паученка, 64, Кропивницький, Кіровоградська область, Україна',	NULL),
(247,	'Кафе «Зефір»',	NULL,	8,	NULL,	'2017-03-20 09:01:31',	'2017-03-21 15:38:12',	'Кропивницький',	'вул. Соборна',	'22',	'c27a4d367f99c5cf7c06fc87834af379595940d3',	48.50106000000000,	32.24615989999999,	'вулиця Соборна, 22, Кропивницький, Кіровоградська область, Україна',	NULL),
(248,	'Кафе «Казанок»',	NULL,	8,	NULL,	'2017-03-20 09:01:31',	'2017-03-20 09:01:31',	'Кропивницький',	'Новомиколаївський пляж',	NULL,	NULL,	NULL,	NULL,	NULL,	NULL),
(249,	'Какао-бар \"Пудинг\"',	NULL,	8,	NULL,	'2017-03-20 09:01:31',	'2017-03-21 15:38:17',	'Кропивницький',	'вул. Преображенська',	'27',	'fdb2216d3b38f851d403562ab7134ae1827c6781',	48.50524700000000,	32.26935150000000,	'Преображенська вулиця, 27, Кропивницький, Кіровоградська область, Україна',	NULL),
(250,	'Ресторан «Крила»',	NULL,	8,	NULL,	'2017-03-20 09:01:31',	'2017-03-21 15:38:20',	'Кропивницький',	'вул. Соборна',	'1-а',	'5a3cfc89b2b20f59e81fc819d3d426832b2a9d9a',	48.50200840000000,	32.25590040000001,	'вулиця Соборна, 1-А, Кропивницький, Кіровоградська область, Україна, 25000',	NULL),
(251,	'Кафе \"Счастье\" и пиццерия \"ChilliPizza\"',	NULL,	8,	NULL,	'2017-03-20 09:01:31',	'2017-03-21 15:38:22',	'Кропивницький',	'вул. Юрія Олефиренко',	'10',	'f2f87abdfbea56515997a0afbee3f2edab24b48d',	48.51795350000000,	32.25772250000001,	'вулиця Юрія Олефіренка, 10, Кропивницький, Кіровоградська область, Україна',	NULL),
(252,	'Кафе «Львівські пляцки»',	NULL,	8,	NULL,	'2017-03-20 09:01:31',	'2017-03-21 15:38:25',	'Кропивницький',	'вул. Дворцова',	'20',	'd847ce022b72728cef6325f0820e4402526d5dc9',	48.51008419999999,	32.26899020000000,	'вулиця Архітектора Паученка, 20, Кропивницький, Кіровоградська область, Україна',	NULL),
(253,	'Кафе «Львівська майстерня шоколаду»',	NULL,	8,	NULL,	'2017-03-20 09:01:32',	'2017-03-21 15:38:27',	'Кропивницький',	'вул. Дворцова',	'16/7',	'ab0e43b08a9e9f4423db1e571154dfef4df18dbd',	48.51008419999999,	32.26899020000000,	'вулиця Архітектора Паученка, 16, Кропивницький, Кіровоградська область, Україна',	NULL),
(254,	'Кафе «Манія»',	NULL,	8,	NULL,	'2017-03-20 09:01:32',	'2017-03-21 15:38:30',	'Кропивницький',	'вул. Віктора Чміленка',	'57',	'6849c7dde02cfd15daf64d0653eaf7d5f6fa7f8e',	48.50935990000000,	32.26743190000000,	'вулиця Віктора Чміленка, 57, Кропивницький, Кіровоградська область, Україна',	NULL),
(255,	'Кафе «Мокко»',	NULL,	8,	NULL,	'2017-03-20 09:01:32',	'2017-03-21 15:38:33',	'Кропивницький',	'вул. Дворцова',	'28',	'ba0e833081a878629e749842476dc8d700afb034',	48.51008419999999,	32.26899020000000,	'вулиця Архітектора Паученка, 28, Кропивницький, Кіровоградська область, Україна',	NULL),
(256,	'Кафе « Пельмен і і Вареники»',	NULL,	8,	NULL,	'2017-03-20 09:01:32',	'2017-03-21 15:38:36',	'Кропивницький',	'вул. Дворцова',	'31/36',	'775fb50a0cb431f18d010c1f651f9b4b15dc8671',	48.51008419999999,	32.26899020000000,	'вулиця Архітектора Паученка, 31, Кропивницький, Кіровоградська область, Україна',	NULL),
(257,	'Кафе «Сатурн»',	NULL,	8,	NULL,	'2017-03-20 09:01:32',	'2017-03-21 15:38:38',	'Кропивницький',	'вул. Дворцова',	'64/53',	'9b3c54a1a066a05a9fb6e7a230bb8dad01915e3f',	48.51008419999999,	32.26899020000000,	'вулиця Архітектора Паученка, 64, Кропивницький, Кіровоградська область, Україна',	NULL),
(258,	'Кафе «Квартира»',	NULL,	8,	NULL,	'2017-03-20 09:01:32',	'2017-03-21 15:38:41',	'Кропивницький',	'вул. Полтавська',	'28-а',	'9862ecf10465c4187d63402e486a697eb0e65cf2',	48.52259000000000,	32.29226700000000,	'Полтавська вулиця, 28/1, Кропивницький, Кіровоградська область, Україна',	NULL),
(259,	'Кафе «Казка»',	NULL,	8,	NULL,	'2017-03-20 09:01:32',	'2017-08-31 23:01:55',	'Кропивницький',	'вул. Беляєва',	'25 к. 1',	'33c4c231599fa4766d71e06c3fed4c4bb14eabca',	48.50506660000000,	32.22637390000000,	'вулиця Бєляєва, 25, Кропивницький, Кіровоградська область, Україна',	NULL),
(260,	'Тайм клуб \"Берлога\"',	NULL,	8,	NULL,	'2017-03-20 09:01:32',	'2017-08-31 23:01:58',	'Кропивницький',	'вул. Велика Перспективная',	'62',	'16bd4a7d81fcba6c41a178736b93324936159951',	48.50604000000000,	32.26284890000000,	'вулиця Велика Перспективна, 62, Кропивницький, Кіровоградська область, Україна',	NULL),
(261,	'Кафе «Філіжанка»',	NULL,	8,	NULL,	'2017-03-20 09:01:32',	'2017-08-31 23:02:01',	'Кропивницький',	'вул. Кавалерійська',	'5/9',	'e8dfa964d5428f101abd1cc5df50247b6ec636cc',	48.51815350000000,	32.26334699999999,	'вулиця Кавалерійська, 5, Кропивницький, Кіровоградська область, Україна',	NULL),
(262,	'Кафе «Чорна Кава»',	NULL,	8,	NULL,	'2017-03-20 09:01:32',	'2017-08-31 23:02:03',	'Кропивницький',	'вул. Шевченко',	'7/17',	'dcd5951fcfdf20e867574a760fc4b7b63d906ccb',	48.51371700000000,	32.26580950000000,	'вулиця Шевченка, 7, Кропивницький, Кіровоградська область, Україна',	NULL),
(263,	'Кафе «Кураж»',	NULL,	8,	NULL,	'2017-03-20 09:01:32',	'2017-08-31 23:02:06',	'Кропивницький',	'вул. Пашутинська',	'44',	'd46ffcb410476eeb27b4fdaf97a03ffc54d30cc5',	48.50804500000000,	32.26742700000000,	'Пашутинська вулиця, 44/72, Кропивницький, Кіровоградська область, Україна',	NULL),
(264,	'Кафе «Богема»',	NULL,	8,	NULL,	'2017-03-20 09:01:32',	'2017-08-31 23:02:09',	'Кропивницький',	'вул. Яновского',	'104',	'c8a09f6b102e5bc70970a7d738fa79c40573dc37',	48.49946350000000,	32.23895410000000,	'вулиця Яновського, 104, Кропивницький, Кіровоградська область, Україна',	NULL),
(265,	'Паб-кафе «La Manche»',	NULL,	8,	NULL,	'2017-03-20 09:01:32',	'2017-08-31 23:02:12',	'Кропивницький',	'вул. Кропивницького',	'153',	'4448d21f1826293d544b6a07c89242a3f17517d0',	48.50216050000000,	32.27435450000000,	'вулиця Кропивницького, 153, Кропивницький, Кіровоградська область, Україна',	NULL),
(266,	'Кафетерій «Два Кофе»',	NULL,	8,	NULL,	'2017-03-20 09:01:32',	'2017-08-31 23:02:14',	'Кропивницький',	'вул. Дворцова',	'29/35',	'8d6257851adb36efcd83549adeb9f9cfd440b98e',	48.51007750000001,	32.26900820000000,	'вулиця Архітектора Паученка, 29, Кропивницький, Кіровоградська область, Україна',	NULL),
(267,	'Кафе-бар-пицца «Дионис»',	NULL,	8,	NULL,	'2017-03-20 09:01:33',	'2017-08-31 23:02:17',	'Кропивницький',	'вул. Генерала Жадова',	'23/2',	'd6275d79142aca7bc92743ed71189a5528b43a99',	48.49407149999999,	32.20428610000000,	'вулиця Генерала Жадова, 23/2, Кропивницький, Кіровоградська область, Україна',	NULL),
(268,	'Кафе «FAN CLUB»',	NULL,	8,	NULL,	'2017-03-20 09:01:33',	'2017-08-31 23:02:20',	'Кропивницький',	'вул. Короленка',	'69а',	'fb7b8db159b1b4f579baac90e6b0ed523e13c9ef',	48.53552800000000,	32.26990640000000,	'вулиця Короленка, 69/2, Кропивницький, Кіровоградська область, Україна',	NULL),
(269,	'Ресторан-кафе «Максим»',	NULL,	8,	NULL,	'2017-03-20 09:01:33',	'2017-08-31 23:02:22',	'Кропивницький',	'вул. Преображенска',	'17',	'06572d16f1ceb46a97920d4ab6c0808c79dba4c7',	48.50635100000000,	32.26694800000000,	'Преображенська вулиця, 17/65, Кропивницький, Кіровоградська область, Україна',	NULL),
(270,	'Ресторан «Подкова»',	NULL,	8,	NULL,	'2017-03-20 09:01:33',	'2017-03-21 15:46:11',	'Кропивницький',	'проспект Винниченко',	'11',	'a98e79ae5ff2f69c990c7ef991b22ae3594739f6',	48.51077799999999,	32.25624039999999,	'проспект Винниченка, 11, Кропивницький, Кіровоградська область, Україна',	NULL),
(271,	'Ресторан «Хатинка VIP»',	NULL,	8,	NULL,	'2017-03-20 09:01:33',	'2017-08-31 23:02:25',	'Кропивницький',	'вул. Куропятникова',	'23',	'6b65f10e117f626d196ec264a1ad6ea7da8b80e4',	48.49841250000000,	32.26062750000000,	'вулиця Куроп\'ятникова, 23, Кропивницький, Кіровоградська область, Україна',	NULL),
(272,	'Кафе «Арт-бар»',	NULL,	8,	NULL,	'2017-03-20 09:01:33',	'2017-08-31 23:02:28',	'Кропивницький',	'вул. Орджоникидзе',	'8',	'41cac3cf93bda7e959a570ca563ca632722d94a6',	48.51493960000000,	32.25901960000000,	'вулиця Кавалерійська, 8, Кропивницький, Кіровоградська область, Україна',	NULL),
(273,	'Кафе «Зірка»',	NULL,	8,	NULL,	'2017-03-20 09:01:33',	'2017-08-31 23:02:31',	'Кропивницький',	'вул. Гагаріна',	'1-а',	'2cd67234b971d92e213edb7065a71f58095a3990',	48.51404030000000,	32.26943410000000,	'вулиця Гагаріна, 1, Кропивницький, Кіровоградська область, Україна',	NULL),
(274,	'Ресторан «Парадіз»',	NULL,	8,	NULL,	'2017-03-20 09:01:33',	'2017-08-31 23:02:33',	'Кропивницький',	'вул. Героїв України',	'28-г',	'd2f89fb37496b7d2c8f4bb4af3ca1e4ef0f42919',	48.49192080000000,	32.21066760000000,	'вулиця Героїв України, 28, Кропивницький, Кіровоградська область, Україна',	NULL),
(275,	'Ресторан «Япі»',	NULL,	8,	NULL,	'2017-03-20 09:01:33',	'2017-08-31 23:02:36',	'Кропивницький',	'вул. Глинки',	'2',	'2a3bbf8259332cf38488f3e6d99b4ae5306f7236',	48.48779690000000,	32.23647270000000,	'провулок Глінки, 2, Кропивницький, Кіровоградська область, Україна',	NULL),
(276,	'Ресторан «Гранд-піцца»',	NULL,	8,	NULL,	'2017-03-20 09:01:33',	'2017-08-31 23:02:39',	'Кропивницький',	'вул. В.Перспективна',	'21',	'c9db486fe7a2a1c4905c5141590bf39c315336b6',	48.51239700000001,	32.26984940000000,	'вулиця Велика Перспективна, 21, Кропивницький, Кіровоградська область, Україна',	NULL),
(277,	'Кафе «Scorini»',	NULL,	8,	NULL,	'2017-03-20 09:01:33',	'2017-08-31 23:02:42',	'Кропивницький',	'вул. Дворцова',	'28',	'ba0e833081a878629e749842476dc8d700afb034',	48.51007750000001,	32.26900820000000,	'вулиця Архітектора Паученка, 28, Кропивницький, Кіровоградська область, Україна',	NULL),
(278,	'Бар «Kex»',	NULL,	8,	NULL,	'2017-03-20 09:01:33',	'2017-08-31 23:02:44',	'Кропивницький',	'вул. Дворцова',	'31',	'775fb50a0cb431f18d010c1f651f9b4b15dc8671',	48.51007750000001,	32.26900820000000,	'вулиця Архітектора Паученка, 31, Кропивницький, Кіровоградська область, Україна',	NULL),
(279,	'Ресторан «Прімо Віоліно»',	NULL,	8,	NULL,	'2017-03-20 09:01:33',	'2017-08-31 23:02:47',	'Кропивницький',	'вул. Дворцова',	'17/7',	'a4cc33cdba3020515d70812b029b216de541ec1d',	48.51007750000001,	32.26900820000000,	'вулиця Архітектора Паученка, 17, Кропивницький, Кіровоградська область, Україна',	NULL),
(280,	'Залізничний вокзал',	NULL,	9,	'',	'2017-03-20 09:01:33',	'2017-09-22 06:05:25',	'Кропивницький',	'вул. Поповича ',	'1',	'23d4db81755442d63a9e4748b8a010f9c43d2785',	48.52413310000000,	32.25837590000000,	'вулиця Поповича, 1, Кропивницький, Кіровоградська область, Україна',	''),
(281,	'Автовокзал № 1',	NULL,	9,	'',	'2017-03-20 09:01:33',	'2017-09-24 07:54:12',	'Кропивницький',	'Олександрійське шоссе',	'1',	'0ba610f4569127d9e54f96ef3af57286d15a5cee',	48.50797950000000,	32.28340480000000,	'Олександрійська вулиця, 1, Кропивницький, Кіровоградська область, Україна',	''),
(282,	'Автовокзал № 2',	NULL,	9,	NULL,	'2017-03-20 09:01:34',	'2017-08-31 23:02:55',	'Кропивницький',	'проспект Євгена Тельнова',	'1',	'1b9901ad6dfb9889719f2fa9231dc904a01d280f',	48.50215499999999,	32.23825400000000,	'вулиця Євгена Тельнова, 1, Кропивницький, Кіровоградська область, Україна',	NULL),
(283,	'Обласний краєзнавчий музей',	NULL,	10,	NULL,	'2017-03-20 09:01:34',	'2017-08-31 23:02:58',	'Кропивницький',	'вул. Архітектора Паученка',	'40',	'bcb5c604a925cdb50defe45a27dc3c3599e00bf2',	48.50991549999999,	32.26884040000000,	'вулиця Архітектора Паученка, 40, Кропивницький, Кіровоградська область, Україна',	NULL),
(284,	'Обласний художній музей',	NULL,	10,	NULL,	'2017-03-20 09:01:34',	'2017-08-31 23:03:01',	'Кропивницький',	'вул. Велика Перспективна',	'60',	'9140dff75580fec11bf6545f2403e810e5ee809d',	48.50598900000000,	32.26305709999999,	'вулиця Велика Перспективна, 60, Кропивницький, Кіровоградська область, Україна',	NULL),
(285,	'Художньо-меморіальний музей О.О. Осмьоркіна',	NULL,	10,	NULL,	'2017-03-20 09:01:34',	'2017-08-31 23:03:03',	'Кропивницький',	'вул. Архітектора Паученка',	'89',	'601336be0e082397dfd9883ffd08f1287a285505',	48.50645489999999,	32.27732210000000,	'вулиця Архітектора Паученка, 89, Кропивницький, Кіровоградська область, Україна',	NULL),
(286,	'Галерея «Єлисаветград»',	NULL,	10,	NULL,	'2017-03-20 09:01:34',	'2017-08-31 23:03:06',	'Кропивницький',	'вул. Пашутінська',	'36',	'b718f36f696993ce51a184e4013ce703f9d1effd',	48.50935300000000,	32.26883099999999,	'Пашутинська вулиця, 36, Кропивницький, Кіровоградська область, Україна',	NULL),
(287,	'Літературно-меморіальний музей М.Л. Кропивницького',	NULL,	10,	NULL,	'2017-03-20 09:01:34',	'2017-08-31 23:03:09',	'Кропивницький',	'вул. Кропивницького',	'172/42',	'15ba384c2046512023db98f1361b49e1a85063c4',	48.50045150000000,	32.27162690000000,	'вулиця Кропивницького, 172, Кропивницький, Кіровоградська область, Україна',	NULL),
(288,	'Літературно-меморіальний музей І.К. Карпенка-Карого',	NULL,	10,	NULL,	'2017-03-20 09:01:34',	'2017-08-31 23:03:12',	'Кропивницький',	'вул. Тобілевича',	'16',	'f23f226be338ff22c0916b55075e3b89409f29a6',	48.50569460000000,	32.25174450000000,	'вулиця Тобілевича, 16, Кропивницький, Кіровоградська область, Україна',	NULL),
(289,	'Музей музичної культури ім. К. Шимановського',	NULL,	10,	NULL,	'2017-03-20 09:01:34',	'2017-08-31 23:03:15',	'Кропивницький',	'вул. Віктора Чміленка',	'65',	'b8ee3cb05a96032b3877fc47a6c8fc7a1b9a8932',	48.50903299999999,	32.26814039999999,	'вулиця Віктора Чміленка, 65, Кропивницький, Кіровоградська область, Україна',	NULL),
(290,	'Народний меморіальний музей Генріха Нейгауза',	NULL,	10,	NULL,	'2017-03-20 09:01:35',	'2017-08-31 23:03:17',	'Кропивницький',	'вул. Віктора Чміленка',	'65',	'b8ee3cb05a96032b3877fc47a6c8fc7a1b9a8932',	48.50903299999999,	32.26814039999999,	'вулиця Віктора Чміленка, 65, Кропивницький, Кіровоградська область, Україна',	NULL),
(291,	'Народний меморіальний музей Юлія Мейтуса ',	NULL,	10,	NULL,	'2017-03-20 09:01:35',	'2017-08-31 23:03:19',	'Кропивницький',	'вул. Маланюка',	'1',	'4d63039200e15752abfb98139e74d28e05c0e763',	48.51896250000000,	32.27590110000001,	'вулиця Євгена Маланюка, 1, Кропивницький, Кіровоградська область, Україна',	NULL),
(292,	'Академічний обласний український музично-драматичний театр імені Марка Кропивницького',	NULL,	11,	NULL,	'2017-03-20 09:01:35',	'2017-08-31 23:03:22',	'Кропивницький',	' вул. Дворцова',	'4',	'8ec3511bdb9f9f3b64134d374d781356457f27a8',	48.51007750000001,	32.26900820000000,	'вулиця Архітектора Паученка, 4, Кропивницький, Кіровоградська область, Україна',	NULL),
(293,	'Обласна державна філармонія',	NULL,	11,	NULL,	'2017-03-20 09:01:35',	'2017-08-31 23:03:25',	'Кропивницький',	'вул. Кавалерійська',	'8',	'41cac3cf93bda7e959a570ca563ca632722d94a6',	48.51493960000000,	32.25901960000000,	'вулиця Кавалерійська, 8, Кропивницький, Кіровоградська область, Україна',	NULL),
(294,	'Обласний академічний театр ляльок',	NULL,	11,	NULL,	'2017-03-20 09:01:35',	'2017-08-31 23:03:27',	'Кропивницький',	'вул. Преображенська',	'3',	'fa55e5a490a0cb2d3cd428e5917059a9fc6a694c',	48.50784049999999,	32.26186760000000,	'Преображенська вулиця, 3, Кропивницький, Кіровоградська область, Україна',	NULL),
(295,	'Обласна універсальна наукова бібліотека ім. Л. І. Чижевського',	NULL,	12,	NULL,	'2017-03-20 09:01:35',	'2017-08-31 23:03:30',	'Кропивницький',	'вул. Велика Перспективна',	'24',	'1bd58c4488f6a424ca12ffbe4a071b4ea8944a72',	48.51343500000001,	32.26936090000000,	'вулиця Велика Перспективна, 24, Кропивницький, Кіровоградська область, Україна',	NULL),
(296,	'Обласна бібліотека для дітей ім. Т.Г. Шевченка',	NULL,	12,	NULL,	'2017-03-20 09:01:35',	'2017-08-31 23:03:33',	'Кропивницький',	'вул. Шевченка',	'5',	'5fa97801fe5b27497940795bc585c064958212b1',	48.51437900000001,	32.26499360000000,	'вулиця Шевченка, 5, Кропивницький, Кіровоградська область, Україна',	NULL),
(297,	'Обласна бібліотека для юнацтва',	NULL,	12,	NULL,	'2017-03-20 09:01:35',	'2017-08-31 23:03:36',	'Кропивницький',	'вул. Декабристів ',	'6/15',	'318f08dc3dab595451fb327806604bdb6cd98186',	48.51238750000000,	32.26385060000000,	'вулиця Декабристів, 6/15, Кропивницький, Кіровоградська область, Україна',	NULL),
(298,	'Кафедральний собор Різдва Пресвятої Богородиці ',	NULL,	13,	'',	'2017-03-20 09:01:36',	'2017-08-31 23:03:38',	'Кропивницький',	'вул. Велика Перспективна',	'74',	'b7eb39532110a9d81a9b95ea52251f81827e2bee',	48.50562790000001,	32.26256990000000,	'вулиця Велика Перспективна, 74, Кропивницький, Кіровоградська область, Україна',	''),
(299,	'Спасо-Преображенський кафедральний собор',	NULL,	13,	'',	'2017-03-20 09:01:36',	'2017-08-31 23:03:41',	'Кропивницький',	'вул. Преображенська',	'22',	'fc3038cf5e25cd1d30279082e810031401138f7f',	48.50473800000000,	32.26850500000000,	'Преображенська вулиця, 22, Кропивницький, Кіровоградська область, Україна',	''),
(300,	'Церква Покрови Пресвятої Богородиці',	NULL,	13,	'',	'2017-03-20 09:01:36',	'2017-08-31 23:03:44',	'Кропивницький',	'вул. Юрія Олефіренка',	'14',	'56194a0142a5e5e8f7f2029a064087f57365c22e',	48.51725549999999,	32.25611840000000,	'вулиця Юрія Олефіренка, 14, Кропивницький, Кіровоградська область, Україна',	''),
(301,	'Велика хоральна синагога',	NULL,	13,	'',	'2017-03-20 09:01:36',	'2017-08-31 23:03:46',	'Кропивницький',	'вул. Віктора Чміленка',	'90/40',	'30e59378f6345c93bd1960e35fb279a670ef32c7',	48.50852700000000,	32.26802400000000,	'вулиця Віктора Чміленка, 90, Кропивницький, Кіровоградська область, Україна',	''),
(302,	'Римо-католицька церква Святого Духа',	NULL,	13,	'',	'2017-03-20 09:01:36',	'2017-03-23 16:30:35',	'Кропивницький',	'вулиця Архітектора Паученка',	'52',	'EpEB0LLRg9C70LjRhtGPINCQ0YDRhdGW0YLQtdC60YLQvtGA0LAg0J_QsNGD0YfQtdC90LrQsCwgNTIsINCa0YDQvtC_0LjQstC90LjRhtGM0LrQuNC5LCDQmtGW0YDQvtCy0L7Qs9GA0LDQtNGB0YzQutCwINC-0LHQu9Cw0YHRgtGMLCDQo9C60YDQsNGX0L3QsA',	48.51007750000001,	32.26900820000003,	'вулиця Архітектора Паученка, 52, Кропивницький, Кіровоградська область, Украина',	''),
(303,	'Собор Благовіщення Пресвятої Богородиці ',	NULL,	13,	'',	'2017-03-20 09:01:36',	'2017-08-31 23:03:49',	'Кропивницький',	'площа Соборна',	'',	'14e9465e20b4f4ffb7c72803c959ec5d54891067',	48.50132430000000,	32.25135500000000,	'вулиця Соборна, Кропивницький, Кіровоградська область, Україна',	''),
(319,	'Храм имені Афанасія Афонського',	NULL,	13,	'',	'2017-08-24 19:48:35',	'2017-08-24 19:48:35',	'Кропивницький',	'проспект Университетский,',	'26 (101 мікрорайон)',	'',	NULL,	NULL,	'',	''),
(321,	'Кіровоградська центральна церква євангельських християн-баптистів \"Дім Євнгелія\"',	NULL,	13,	'',	'2017-08-29 06:19:37',	'2017-08-31 23:03:54',	'Кропивницький, Кіровоградська область',	'Вознесенська',	'67',	'a7ea544f037372113e3ca61a11f5e489942de9eb',	48.49204470000000,	32.27776749999999,	'вулиця Вознесенська, 67, Кропивницький, Кіровоградська область, Україна',	'\"Дім Євнгелія\" '),
(322,	'Свято-Елисаветинский чоловічий монастир',	NULL,	13,	'',	'2017-08-30 08:41:37',	'2017-08-31 23:03:57',	'Кропивницький',	'Дніпровьска',	'62',	'4169b3574a3fc5a4ef94fc3e79e90e0cae576c68',	48.52344580000000,	32.23328560000001,	'Дніпровська вулиця, 62, Кропивницький, Кіровоградська область, Україна',	''),
(323,	'Свято-Успенський храм',	NULL,	13,	'',	'2017-08-30 08:47:06',	'2017-08-31 23:04:00',	'Кропивницький,',	'Авіаційна, ',	'63-А',	'c49839a98638b0d2e2c946c7bb4a48fb42e65c42',	48.53021970000000,	32.26471650000000,	'Авіаційна вулиця, 63, Кропивницький, Кіровоградська область, Україна',	''),
(324,	'Приватбанк (відділення)',	NULL,	15,	'',	'2017-09-04 11:15:09',	'2017-09-19 10:01:59',	'Кропивницький, Кіровоградська область',	'Шевченка',	'11',	'3f4ec2e6fc96315f316bd53a354c76e3c2a1c35d',	48.51249230000001,	32.26712740000001,	'вулиця Шевченка, 11, Кропивницький, Кіровоградська область, Україна',	''),
(325,	'\"Поехали с нами\"',	NULL,	16,	'',	'2017-09-04 11:38:47',	'2017-09-19 10:02:02',	'Кропивницький, ',	'Велика Перспективна',	'22/5',	'865ce51b9fbc9215133189a96dfcb70848e5df0b',	48.51387949999999,	32.27018450000000,	'вулиця Велика Перспективна, 22/5, Кропивницький, Кіровоградська область, Україна',	''),
(326,	'Сільпо',	NULL,	17,	'',	'2017-09-04 12:14:32',	'2017-09-19 10:02:05',	'Кропивницький, Кіровоградська область',	'Велика Перспективна',	'53',	'bc6a6bf2c9a89cbef53fc9d51fbb21bf2885f161',	48.50554500000000,	32.26365000000000,	'вулиця Велика Перспективна, 53, Кропивницький, Кіровоградська область, Україна',	''),
(327,	'АТБ',	NULL,	17,	'',	'2017-09-04 12:19:50',	'2017-09-19 10:02:08',	'Кропивницький, Кіровоградська область',	'Пашутинська',	'71',	'534d6342a200f7fcefd43c06ae345c12d816ba5b',	48.50576019999999,	32.26580600000000,	'Пашутинська вулиця, 71, Кропивницький, Кіровоградська область, Україна',	''),
(328,	'Кіровоградобленерго - Сервісний центр ',	NULL,	18,	'',	'2017-09-04 12:33:19',	'2017-09-19 10:02:10',	'Кропивницький, Кіровоградська область',	'Велика Перспективна',	'78',	'45953dfa9e180abb21604fb46983fa95fbcb871c',	48.50562790000001,	32.26256990000000,	'вулиця Велика Перспективна, 78, Кропивницький, Кіровоградська область, Україна',	''),
(329,	'Ліки Плюс',	NULL,	7,	'',	'2017-09-04 19:25:08',	'2017-09-19 10:02:13',	'Кропивницький',	'Варшавська',	'2 м',	'75c2b7e6895dbd9c148591acb9ff0c494e9b7afe',	48.52970100000000,	32.27275800000000,	'Варшавська вулиця, 2/42, Кропивницький, Кіровоградська область, Україна',	''),
(330,	'ПриватБанк (відділення)',	NULL,	15,	'',	'2017-09-06 15:58:03',	'2017-09-19 10:02:16',	'Кропивницький',	'Короленко',	'40',	'caf8d6442dc05ba937de98fbb1fa6de176d142fd',	48.53718509999999,	32.26818600000000,	'вулиця Короленка, 40, Кропивницький, Кіровоградська область, Україна',	''),
(331,	'ПриватБанк (відділення)',	NULL,	15,	'',	'2017-09-07 13:04:48',	'2017-09-19 10:02:18',	'Кропивницький',	'Преображенська',	'2',	'3f733d1f142b63edc5a7dd801165c5c525aa9449',	48.50784049999999,	32.26186760000000,	'Преображенська вулиця, 2, Кропивницький, Кіровоградська область, Україна',	''),
(332,	'ПриватБанк (відділення)',	NULL,	15,	'',	'2017-09-07 13:07:29',	'2017-09-19 10:02:21',	'Кропивницький',	'Велика Перспективна',	'8',	'38977033d83194e7978c2dc9b8fbe1a63300f4e7',	48.51659900000001,	32.27261510000000,	'вулиця Велика Перспективна, 8, Кропивницький, Кіровоградська область, Україна',	''),
(333,	'ПриватБанк (відділення)',	NULL,	15,	'',	'2017-09-07 13:10:29',	'2017-09-19 10:02:24',	'Кропивницький',	'Степняка - Кравчинського',	'1',	'2338863b8d490b8f19680b9c76230e3d14540c43',	48.52329000000000,	32.22668990000000,	'вулиця Степняка-Кравчинського, 1, Кропивницький, Кіровоградська область, Україна',	''),
(334,	'УкрСибБанк (відділення)',	NULL,	15,	'',	'2017-09-07 14:21:23',	'2017-09-19 10:02:27',	'Кропивницький',	'Пашутинська',	'32',	'6e9fb1ddbe3ededeab57e45701304ac37c33fa8c',	48.50955350000000,	32.26918010000000,	'Пашутинська вулиця, 32, Кропивницький, Кіровоградська область, Україна',	''),
(335,	'ПриватБанк (відділення)',	NULL,	15,	'',	'2017-09-08 15:20:21',	'2017-09-19 10:02:29',	'Кропивницький',	'Верхньо - Пермська',	'42',	'f5a0454b3f609978ea373598ad09ddc8609fc763',	48.49924450000000,	32.26484250000000,	'Верхня Пермська вулиця, 42, Кропивницький, Кіровоградська область, Україна',	'');

DROP TABLE IF EXISTS `place_comments`;
CREATE TABLE `place_comments` (
  `id` int(10) unsigned NOT NULL AUTO_INCREMENT,
  `author_id` int(10) unsigned DEFAULT NULL,
  `author_name` varchar(255) COLLATE utf8_unicode_ci DEFAULT NULL,
  `comment` text COLLATE utf8_unicode_ci,
  `rating` smallint(6) DEFAULT NULL,
  `place_id` int(10) unsigned DEFAULT NULL,
  `likes` int(11) DEFAULT NULL,
  `dislikes` int(11) DEFAULT NULL,
  `hidden` tinyint(1) NOT NULL DEFAULT '1',
  `created_at` timestamp NULL DEFAULT NULL,
  `updated_at` timestamp NULL DEFAULT NULL,
  PRIMARY KEY (`id`),
  KEY `place_comments_author_id_foreign` (`author_id`),
  KEY `place_comments_place_id_foreign` (`place_id`),
  CONSTRAINT `place_comments_author_id_foreign` FOREIGN KEY (`author_id`) REFERENCES `users` (`id`),
  CONSTRAINT `place_comments_place_id_foreign` FOREIGN KEY (`place_id`) REFERENCES `places` (`id`)
) ENGINE=InnoDB DEFAULT CHARSET=utf8 COLLATE=utf8_unicode_ci;


DROP TABLE IF EXISTS `roles`;
CREATE TABLE `roles` (
  `id` int(10) unsigned NOT NULL AUTO_INCREMENT,
  `name` varchar(255) COLLATE utf8_unicode_ci NOT NULL,
  `display_name` varchar(255) COLLATE utf8_unicode_ci DEFAULT NULL,
  `description` varchar(255) COLLATE utf8_unicode_ci DEFAULT NULL,
  `created_at` timestamp NULL DEFAULT NULL,
  `updated_at` timestamp NULL DEFAULT NULL,
  PRIMARY KEY (`id`),
  UNIQUE KEY `roles_name_unique` (`name`)
) ENGINE=InnoDB DEFAULT CHARSET=utf8 COLLATE=utf8_unicode_ci;

INSERT INTO `roles` (`id`, `name`, `display_name`, `description`, `created_at`, `updated_at`) VALUES
(1,	'admin',	'Адміністратор',	'Almighty admin. Can do everything',	NULL,	NULL);

DROP TABLE IF EXISTS `role_user`;
CREATE TABLE `role_user` (
  `user_id` int(10) unsigned NOT NULL,
  `role_id` int(10) unsigned NOT NULL,
  PRIMARY KEY (`user_id`,`role_id`),
  KEY `role_user_role_id_foreign` (`role_id`),
  CONSTRAINT `role_user_role_id_foreign` FOREIGN KEY (`role_id`) REFERENCES `roles` (`id`) ON DELETE CASCADE ON UPDATE CASCADE,
  CONSTRAINT `role_user_user_id_foreign` FOREIGN KEY (`user_id`) REFERENCES `users` (`id`) ON DELETE CASCADE ON UPDATE CASCADE
) ENGINE=InnoDB DEFAULT CHARSET=utf8 COLLATE=utf8_unicode_ci;

INSERT INTO `role_user` (`user_id`, `role_id`) VALUES
(1,	1),
(2,	1);

DROP TABLE IF EXISTS `tmp_places`;
CREATE TABLE `tmp_places` (
  `id` int(10) NOT NULL AUTO_INCREMENT,
  `name` varchar(300) NOT NULL,
  `kerivnik` varchar(150) NOT NULL,
  `city` varchar(150) NOT NULL,
  `street` varchar(150) NOT NULL,
  `number` varchar(10) NOT NULL,
  `tel` varchar(150) NOT NULL,
  `email` varchar(150) NOT NULL,
  `site` varchar(150) NOT NULL,
  `category_id` int(10) DEFAULT NULL,
  PRIMARY KEY (`id`)
) ENGINE=InnoDB DEFAULT CHARSET=utf8;

INSERT INTO `tmp_places` (`id`, `name`, `kerivnik`, `city`, `street`, `number`, `tel`, `email`, `site`, `category_id`) VALUES
(1,	'\"Комунальний заклад \"\"Центр первинної медико-санітарноїдопомоги №1 м.Кіровограда\"\"\"',	'Свириденко Лариса Анатоліївна',	'Кропивницький',	'вул. Кропивницького',	' 22',	'',	'',	'',	6),
(2,	'АЗПСМ № 1',	'Коваленко ПолінаРоманівна',	'Кропивницький',	'вул. Габдрахманова',	' 5',	'(0522) 33-20-06',	'',	'',	6),
(3,	'АЗПСМ № 2',	'Козаченко ЗінаїдаІванівна',	'Кропивницький',	'вул. Габдрахманова',	' 5',	'(0522) 33-20-06',	'',	'',	6),
(4,	'АЗПСМ № 3',	'ГамальчукМикола Павлович',	'Кропивницький',	'вул. Габдрахманова',	' 5',	'(0522) 33-20-06',	'',	'',	6),
(5,	'АЗПСМ № 4',	'Тененик Людмила Пантеліївна',	'Кропивницький',	'вул. Короленко',	' 56',	'(0522) 34-12-27',	'',	'',	6),
(6,	'АЗПСМ № 5',	'Шевчук ТетянаІванівна',	'Кропивницький',	'вул. Кропивницького',	' 22',	'(0522) 39-98-00',	'',	'',	6),
(7,	'АЗПСМ № 6',	'ЗагороднюкТетянаБорисівна',	'Кропивницький',	'вул. Кропивницького',	' 22',	'(0522) 39-98-78',	'',	'',	6),
(8,	'АЗПСМ № 7',	'Баранова ОленаЄвгенівна',	'Кропивницький',	'вул. Кропивницького',	' 22',	'(0522) 22-95-88',	'',	'',	6),
(9,	'АЗПСМ № 8',	'Ляшко Тамара Іванівна',	'Кропивницький',	'вул. Колгоспна',	' 71',	'(0522) 34-99-04',	'',	'',	6),
(10,	'АЗПСМ № 9',	'Мельник ІгорНаркісович',	'Кропивницький',	'вул. Шевченка',	' 36',	'',	'',	'',	6),
(11,	'АЗПСМ № 10',	'Мороз Ольга Андріївна',	'Кропивницький',	'вул. Шевченка',	' 36',	'',	'',	'',	6),
(12,	'\"Комунальний заклад \"\"Центр первинноїмедико-санітарноїдопомоги №2 м. Кіровограда\"\"\"',	'ЗлатопольськийСергійАнатолійович',	'Кропивницький',	'вул. Космонавта Попова',	' 9-б',	'(0522) 55-37-27',	'',	'',	6),
(13,	'АЗПСМ № 1',	'Філіпських Оксана Василівна',	'Кропивницький',	'вул. Космонавта Попова',	' 9-б',	'(0522) 55-78-98',	'',	'',	6),
(14,	'АЗПСМ № 2',	'Чебан ЛюбовГнатівна',	'Кропивницький',	'вул. Космонавта Попова',	' 9-б',	'(0522) 55-78-98',	'',	'',	6),
(15,	'АЗПСМ № 3',	'Заболотна ТетянаМихайлівна',	'Кропивницький',	'вул. Космонавта Попова',	' 9-б',	'(0522) 55-52-89',	'',	'',	6),
(16,	'АЗПСМ № 4',	'ПупаньНадіяАнатоліївна',	'Кропивницький',	'вул. Генерала Жадова',	' 21, к. 2',	'(0522) 55-75-72',	'',	'',	6),
(17,	'АЗПСМ № 5',	'БалуглановаТетянаЛеонідівна',	'Кропивницький',	'вул. ВалентиниТерешкової',	' 136',	'(0522) 55-78-57',	'',	'',	6),
(18,	'АЗПСМ № 6',	'КордонецьСвітланаІванівна',	'Кропивницький',	'вул. ВалентиниТерешкової',	' 136',	'(0522) 56-79-86',	'',	'',	6),
(19,	'АЗПСМ № 7',	'МатієшинОлександрМиколайович',	'селище Нове',	'вул. Металургів',	' 25-а',	'(0522) 30-25-75',	'',	'',	6),
(20,	'АЗПСМ № 8',	'',	'Кропивницький',	'вул. Казанська',	' 12-а',	'',	'',	'',	6),
(21,	'\"Комунальний заклад \"\"Амбулаторіязагальної-практики-сімейноїмедицини\"\"\"',	'ВасецькаСвітланаЛеонідівна',	'селище Гірниче',	'вул. Лінія 10 – а',	' буд. 61',	'(0522) 27-10-75',	'',	'',	6),
(22,	'\"Комунальний заклад \"\"Поліклінічнеоб\"\"єднанням.Кіровограда\"\"\"',	'АмбарнаОленаМиколаївна',	'Кропивницький',	'вул. Габдрахманова',	' 5',	'(0522) 33-20-50',	'',	'',	6),
(23,	'Поліклінічневідділення №1',	'АмбарнаОленаМиколаївна',	'Кропивницький',	'вул. Габдрахманова',	' 5',	'(0522) 33-20-50',	'',	'',	6),
(24,	'Поліклінічневідділення №2',	'КовтонюкАндрійАнатолійович',	'Кропивницький',	'вул. ВалентиниТерешкової',	' 136',	'',	'',	'',	6),
(25,	'Поліклінічневідділення №3 с.Нового',	'',	'Кропивницький',	'вул. Металургів',	' 25А',	'',	'',	'',	6),
(26,	'Поліклінічневідділення №4',	'',	'Кропивницький',	'вул. Короленка',	' 56',	'',	'',	'',	6),
(27,	'Поліклінічневідділення №5',	'РибакІннаОлександрівна',	'Кропивницький',	'вул. Космонавта Попова',	' 9-б',	'',	'',	'',	6),
(28,	'Міськастоматологічнаполіклініка № 1 м. Кіровограда',	'Колесник Микола Прокопович',	'Кропивницький',	'вул. Шевченка',	' 36',	'(0522) 22-29-10',	'',	'',	6),
(29,	'Стоматологічнаполіклініка № 2 м. Кіровограда',	'ЯровийВолодимир Артемович',	'Кропивницький',	'пр. Університетський',	' 29',	'(0522) 56-57-96',	'',	'',	6),
(30,	'Дитячастоматологічнаполіклініка',	'Стіхарний Олег Петрович',	'Кропивницький',	'вул. ЖовтневоїРеволюції',	' 31',	'(0522) 24-94-84',	'',	'',	6),
(31,	'Пологовийбудинок № 1 м. Кіровограда',	'СорокінОлександрВолодимирович',	'Кропивницький',	'вул. Олени Журливої',	' 1',	'(0522) 34-57-70',	'',	'',	6),
(32,	'Жіночаконсультація №1',	'Заремба Галина Анатоліївна',	'Кропивницький',	'вул. Генерала Жадова',	' 21, к. 2',	'(0522) 38-10-21',	'',	'',	6),
(33,	'\"Пологовийбудинок № 2 ім. \"\"Святої Анни\"\"\"',	'КапкоВолодимир Семенович',	'Кропивницький',	'вул. Щорса',	' 1',	'(0522) 34-58-01',	'',	'',	6),
(34,	'Жіночаконсультація № 3',	'Суліма Катерина Павлівна',	'Кропивницький',	'вул. Щорса',	' 1',	'(0522) 34-58-97',	'',	'',	6),
(35,	'\"Комунальний заклад \"\"Центральнаміськалікарня м. Кіровограда\"\"\"',	'АртюхОлександрІванович',	'Кропивницький',	'вул. Дворцова',	' 45/35',	'(0522) 24-44-66',	'',	'',	6),
(36,	'\"Стаціонарневідділення № 2 комунального закладу \"\"Центральнаміськалікарня м. Кіровограда\"\"\"',	'АртюхОлександрІванович',	'Кропивницький',	'вул. Дворцова',	' 45/35',	'(0522) 24-44-66',	'',	'',	6),
(37,	'Стаціонарневідділення № 1',	'Кабанчук Оксана Олександрівна',	'Кропивницький',	'вул. Фортеця',	' 21',	'(0522) 33-20-55',	'',	'',	6),
(38,	'\"Поліклінічневідділеннякомунального закладу \"\"Центральнаміськалікарня м. Кіровограда\"\"\"',	'ГоліковВалерій Михайлович',	'Кропивницький',	'вул. Кропивницького',	' 22',	'(0522) 22-94-97',	'',	'',	6),
(39,	'Дитячаміськаполіклініка №1',	'МакєєнкоМикола Григорович',	'Кропивницький',	'вул. Шевченка',	' 36',	'(0522) 24-75-84',	'',	'',	6),
(40,	'Кіровоградськадитячаміськалікарня',	'Клюєнко Оксана Анатоліївна',	'Кропивницький',	'пр. Університетський',	' 6',	'(0522) 55-71-71',	'',	'',	6),
(41,	'\"Комунальний заклад \"\"Кіровоградськаміськалікарняшвидкоїмедичноїдопомоги\"\"\"',	'Скороход Валерій Семенович',	'Кропивницький',	'вул. Короленка',	' 56',	'(0522) 34-11-12',	'',	'',	6),
(42,	'',	'',	'',	'',	'',	'',	'',	'',	6);

DROP TABLE IF EXISTS `users`;
CREATE TABLE `users` (
  `id` int(10) unsigned NOT NULL AUTO_INCREMENT,
  `name` varchar(255) COLLATE utf8_unicode_ci NOT NULL,
  `email` varchar(255) COLLATE utf8_unicode_ci DEFAULT NULL,
  `password` varchar(255) COLLATE utf8_unicode_ci DEFAULT NULL,
  `remember_token` varchar(100) COLLATE utf8_unicode_ci DEFAULT NULL,
  `created_at` timestamp NULL DEFAULT NULL,
  `updated_at` timestamp NULL DEFAULT NULL,
  `provider` varchar(255) COLLATE utf8_unicode_ci NOT NULL DEFAULT 'registration',
  `provider_id` varchar(255) COLLATE utf8_unicode_ci DEFAULT NULL,
  `banned` tinyint(1) NOT NULL DEFAULT '0',
  PRIMARY KEY (`id`),
  UNIQUE KEY `users_provider_id_unique` (`provider_id`),
  UNIQUE KEY `users_email_unique` (`email`)
) ENGINE=InnoDB DEFAULT CHARSET=utf8 COLLATE=utf8_unicode_ci;

INSERT INTO `users` (`id`, `name`, `email`, `password`, `remember_token`, `created_at`, `updated_at`, `provider`, `provider_id`, `banned`) VALUES
(1,	'admin',	'admin@admin.com',	'$2y$10$5kZAtJrzJmYYGhhy6AV7FeCPnKlY94Gb15CPW/205qy2oM7WGx10O',	'wy57iBup1eyFdmBjSMnUt7CNpS1aVHPCp0m3CRlMwcPTFzKdS1ZR2gvz9Flv',	NULL,	'2017-03-30 11:23:53',	'',	'',	0),
(2,	'Олег',	'olegnikitchuk2@gmail.com',	'$2y$10$JDMhh/eRms7Jiapq7p1h3.k0/mwtERIgGMzaxCeANaPvQpKoVpMCK',	'Z3D2PfGfYkCPTDMgNeJlaMOKrxfilFW50x1IwoUE7E7u8yfrgSM6WWN7RTb6',	'2017-08-18 20:29:27',	'2017-08-18 20:29:27',	'registration',	'registration',	0),
(8,	'Катя',	'kboyko1999@gmail.com',	'$2y$10$kd9SKz4q5D0YKLVQhSrjtOjj/5h6aLx.zB2b7WpnOUJ2v36i.k0SO',	'yb8P54SLgpPNXJUMhC4DUC0Og2ncu6Xzgb3U89QtxqVUHDbvK0dKxRpL58GV',	'2017-09-27 17:33:06',	'2017-10-04 10:22:07',	'registration',	NULL,	0),
(9,	'Yuriy Degtyar',	'firestar.ua@mail.ru',	NULL,	'0BHf8m9faqWwMelqCoU4dKGh9iFhkSPauX3hP4d06qpgfP4C3RNZzZJl7plg',	'2017-10-03 11:59:08',	'2017-10-03 11:59:08',	'facebook',	'10214663304522118',	0),
(10,	'Anna Hryshko',	'lida_lisik@mail.ru',	NULL,	'db7z1t7E1Ft9TzlYpAEIW2hCCf3zSDa4xOCRh7YkaS0BXloDqBabGuYp95Lg',	'2017-10-23 09:58:23',	'2017-10-23 09:58:23',	'facebook',	'1925027624485367',	0),
(11,	'Oksana  Teslenko',	'sasutka@ukr.net',	NULL,	'zLHlxUgAFFFica4lCblsX1be8M9cShIM9U4BCUMaGAf6ItC6zcyuTKBhkJhq',	'2017-10-24 15:50:33',	'2017-10-24 15:50:33',	'facebook',	'1475986305855235',	0),
(12,	'Наталья Жукова',	'rikrabord@gmail.com',	NULL,	'f6oxfoj0l4W6ADbaPJyN7au5XPdRxaQqKLMCCQkL9qGiVXttYVnvB8QMk16c',	'2017-10-24 16:38:03',	'2017-10-24 16:38:03',	'facebook',	'1849165568692989',	0);

-- 2017-11-28 09:33:17
